City_ID,City,Country,Max Temp,Current Description,Lat,Lng,Hotel Name
0,Mataura,NZ,66.61,light rain,-46.1927,168.8643,Ellie's Villa
1,Pombas,CV,69.58,few clouds,17.1503,-25.0201,Paul Paradis
2,Bluff,NZ,62.94,overcast clouds,-46.6,168.3333,Bluff Homestead - Guesthouse & Campervan Park
3,Sur,OM,79.57,clear sky,22.5667,59.5289,Sur Plaza Hotel
5,Busselton,AU,61.12,clear sky,-33.65,115.3333,Observatory Guest House
6,Tuatapere,NZ,66.69,light rain,-46.1333,167.6833,Ron and Tony's Bed & Breakfast
7,Rikitea,PF,78.24,broken clouds,-23.1203,-134.9692,People ThankYou
9,Maceio,BR,76.44,few clouds,-9.6658,-35.7353,Hotel Ponta Verde Macei√≥
11,Kushima,JP,64.51,clear sky,31.4583,131.2333,Hanaoka
12,San Policarpo,PH,81.93,light rain,12.1791,125.5072,Agapita M. Nicart
13,Port Alfred,ZA,62.87,clear sky,-33.5906,26.891,The Halyards Hotel
14,Tabas,IR,76.71,overcast clouds,33.5959,56.9244,ÿ¥ÿ±⁄©ÿ™ ŸÖÿπŸÖÿßÿ±€å ŸÖŸáÿ±ÿßÿ≤ ÿ¥ÿß€å⁄ØÿßŸÜ ÿ¢ÿ±ÿßÿØ
15,Morant Bay,JM,80.22,scattered clouds,17.8815,-76.4093,Whispering Bamboo Cove Resort
16,Lorengau,PG,82.94,heavy intensity rain,-2.0226,147.2712,Lorengau Harbourside Hotel
17,Atuona,PF,79.95,clear sky,-9.8,-139.0333,Villa Enata
20,Ormara,PK,77.61,clear sky,25.2088,64.6357,Kenara Colony house for Rent
24,Hilo,US,76.24,broken clouds,19.7297,-155.09,Hilo Hawaiian Hotel
25,Kahului,US,82.42,scattered clouds,20.8947,-156.47,Maui Seaside Hotel
26,Hermanus,ZA,60.8,clear sky,-34.4187,19.2345,Misty Waves Boutique Hotel
28,Livingstone,ZM,65.57,overcast clouds,-17.8419,25.8543,Gloria's Bed and Breakfast
29,Plaridel,PH,76.98,light rain,14.8872,120.8572,St. Agatha Resort
31,Dalhousie,IN,52.43,broken clouds,32.5333,75.9833,Hotel Mount View
34,Hobart,AU,62.02,broken clouds,-42.8794,147.3294,St Ives Hobart Accommodation Tasmania
35,San Patricio,US,80.69,few clouds,28.017,-97.5169,"Motel 6 Sinton, TX"
36,Shimoda,JP,59.11,scattered clouds,34.6667,138.95,Shimoda Tokyu Hotel
37,Lebu,CL,55.24,overcast clouds,-37.6167,-73.65,Hostal Las Lilas
40,Bambous Virieux,MU,77.25,broken clouds,-20.3428,57.7575,Casa Tia Villa
42,Kapaa,US,80.58,few clouds,22.0752,-159.319,Sheraton Kauai Coconut Beach Resort
43,Padang,ID,75.25,few clouds,-0.9492,100.3543,Mercure Padang
45,Jawhar,SO,77.38,few clouds,2.7809,45.5005,hantiwadaag village part one
46,Victoria,HK,71.26,few clouds,22.2855,114.1577,Mini Hotel Central
48,Angoche,MZ,76.26,clear sky,-16.2325,39.9086,Guest House HESADA
49,Catia La Mar,VE,80.8,scattered clouds,10.6038,-67.0303,HOTEL PLAYA GRANDE CARIBE
51,Coahuayana,MX,72.28,few clouds,18.7333,-103.6833,El rranchito michuacan de ocampos
53,Puerto Ayora,EC,76.55,scattered clouds,-0.7393,-90.3518,Finch Bay Galapagos Hotel
54,Saint George,US,79.63,clear sky,37.1041,-113.5841,Best Western Plus Abbey Inn
55,Margate,GB,53.31,overcast clouds,51.3813,1.3862,Premier Inn Margate hotel
57,Naze,JP,65.32,clear sky,28.3667,129.4833,Shishime Hotel
60,Arraial Do Cabo,BR,76.96,clear sky,-22.9661,-42.0278,Pousada Porto Praia
62,Vaini,TO,80.76,broken clouds,-21.2,-175.2,Keleti Beach Resort
63,Neon Karlovasion,GR,61.92,overcast clouds,37.7903,26.7044,Hotel Aegeon
66,Ocampo,MX,70.23,clear sky,21.65,-101.5,Hotel Estancia del Vaquero
71,Ribeira Grande,PT,60.22,scattered clouds,38.5167,-28.7,Quinta da Meia Eira
72,Hervey Bay,AU,79.79,clear sky,-25.2986,152.8535,Shelly Bay Resort
74,Bethel,US,50.54,overcast clouds,41.3712,-73.414,Courtyard by Marriott Danbury
75,Butaritari,KI,81.93,light rain,3.0707,172.7902,Isles Sunset Lodge
76,Gedo,ET,55.63,few clouds,9.0167,37.45,Mida Qanyi
77,Carnarvon,AU,73.47,clear sky,-24.8667,113.6333,Hospitality Carnarvon
78,Castro,BR,63.79,overcast clouds,-24.7911,-50.0119,CHACARA BAILLY
80,Puri,IN,81.12,overcast clouds,19.8,85.85,OYO 1577 Hotel Shree Hari Grand
81,Hithadhoo,MV,82.67,clear sky,-0.6,73.0833,Scoop Guest House
82,Ambositra,MG,56.62,clear sky,-20.5167,47.25,Grand H√¥tel
83,Torres,BR,71.83,overcast clouds,-29.3353,-49.7269,Farol Hotel
85,Sinnamary,GF,77.7,overcast clouds,5.3833,-52.95,ALETHEIA Appartement Sinnamary
86,Lagoa,PT,59.09,few clouds,39.05,-27.9833,Casa Das Faias
88,Marica,BR,78.75,clear sky,-22.9194,-42.8186,Marica Hills
94,Westport,US,51.8,few clouds,41.1415,-73.3579,The Inn at Longshore
97,Karratha,AU,87.87,clear sky,-20.7377,116.8463,ibis Styles Karratha
99,Saint-Philippe,RE,75.22,light rain,-21.3585,55.7679,"Chambres d'h√¥te ""La Trinit√©"""
102,Mulege,MX,69.76,clear sky,26.8833,-111.9833,Casa Granada
103,Malanje,AO,64.29,overcast clouds,-9.5402,16.341,Hotel Ginga
104,Laguna,US,73.58,clear sky,38.421,-121.4238,"Holiday Inn Express & Suites Elk Grove Central - Hwy 99, an IHG Hotel"
105,Calvia,ES,51.93,overcast clouds,39.5657,2.5062,Castell Son Claret
107,Bilma,NE,81.93,few clouds,18.6853,12.9164,Expeditions T√©n√©re voyages
108,Kattivakkam,IN,82.08,scattered clouds,13.2167,80.3167,Euronova Freezer
111,Santa Isabel Do Rio Negro,BR,74.01,broken clouds,-0.4139,-65.0192,Hotel GSA
113,Tuskegee,US,74.55,clear sky,32.424,-85.6916,Macon Motel
114,Mount Isa,AU,87.57,clear sky,-20.7333,139.5,ibis Styles Mt Isa Verona
115,Nanchong,CN,57.72,overcast clouds,30.7951,106.0847,Marine Una Century Hotel
119,Port Blair,IN,81.9,broken clouds,11.6667,92.75,"Welcomhotel By ITC Hotels, Bay Island, Port Blair"
121,Touros,BR,78.13,scattered clouds,-5.1989,-35.4608,INN NEW HORIZON
124,Imbituba,BR,71.82,overcast clouds,-28.24,-48.6703,Praia Hotel Imbituba
125,Hirara,JP,71.87,scattered clouds,24.8,125.2833,Hotel Atoll Emerald Miyakojima
126,Georgetown,MY,78.73,scattered clouds,5.4112,100.3354,Cititel Penang
127,Lukulu,ZM,65.79,light rain,-14.3707,23.242,Ruth Guest House
128,Lavras,BR,67.39,scattered clouds,-21.2453,-44.9997,Hotel Ouro Lavras
129,Luanda,AO,76.15,broken clouds,-8.8368,13.2343,EPIC SANA Luanda
130,Pulaski,US,67.32,overcast clouds,34.7668,-92.3001,DoubleTree by Hilton Hotel Little Rock
131,New Norfolk,AU,61.66,overcast clouds,-42.7826,147.0587,The Shingles Riverside Cottages
132,Ancud,CL,56.23,light rain,-41.8697,-73.8203,Hotel Arena Gruesa
135,Itarema,BR,76.86,overcast clouds,-2.9248,-39.9167,"Sea Lounge! Bar, Club & Restaurant"
136,Bengkulu,ID,79.14,broken clouds,-3.8004,102.2655,Grage Hotel Bengkulu
137,Hasaki,JP,54.28,overcast clouds,35.7333,140.8333,Inubosaki Kanko Hotel
140,Ojinaga,MX,85.41,clear sky,29.5667,-104.4167,Suites Las Palmas
141,Buraydah,SA,73.85,overcast clouds,26.326,43.975,M√∂venpick Qassim
143,Bosaso,SO,78.6,clear sky,11.2842,49.1816,Red Sea Hotel
145,Geraldton,AU,68.41,clear sky,-28.7667,114.6,Broadwater Mariner Resort
146,Mitchell,US,58.98,clear sky,43.7094,-98.0298,Kelly Inn & Suites
147,Vao,NC,78.98,light rain,-22.6667,167.4833,Hotel Kou-Bugny
148,Caravelas,BR,76.37,clear sky,-17.7125,-39.2481,Pousada dos Navegantes
150,Avarua,CK,84.25,scattered clouds,-21.2078,-159.775,Paradise Inn
151,Roebourne,AU,89.26,clear sky,-20.7833,117.1333,Latitude20 Roebourne Village
158,Bredasdorp,ZA,58.5,clear sky,-34.5322,20.0403,Bredasdorp Country Manor
160,Korla,CN,56.37,clear sky,41.7597,86.1469,Gulisitan Hotel
162,Shajapur,IN,79.75,clear sky,23.4333,76.2667,Gajraj singh chawada
163,Namatanai,PG,85.64,light rain,-3.6667,152.4333,Seagulls Inn Namatani
164,San Cristobal,VE,73.58,few clouds,7.7669,-72.225,Pirineos
165,Kaitangata,NZ,67.98,light rain,-46.2817,169.8464,Kaitangata Motor Camp
167,Sao Felix Do Xingu,BR,72.19,overcast clouds,-6.6447,-51.995,Rio Xingu Camping
169,Hamilton,US,54.45,clear sky,39.1834,-84.5333,Six Acres Bed & Breakfast
174,Port Elizabeth,ZA,61.32,clear sky,-33.918,25.5701,39 On Nile Guest House
176,Bridlington,GB,51.89,overcast clouds,54.0831,-0.1919,Expanse Bridlington Seafront Hotel
178,Camacha,PT,53.02,scattered clouds,33.0833,-16.3333,Hotel Porto Santo & Spa
179,Abu Kamal,SY,64.96,clear sky,34.4506,40.9171,ŸÖÿ≠ÿ∑ÿ© ÿßŸÑÿ™ŸÑŸÅÿßÿ≤
181,Fuengirola,ES,53.85,broken clouds,36.54,-4.6247,Hotel Las Palmeras
182,Tamandare,BR,77.65,few clouds,-8.7597,-35.1047,Pousada 100 Passos
183,Asfi,MA,56.59,broken clouds,32.2994,-9.2372,H√¥tel Abda
184,Mackay,AU,86.68,scattered clouds,-21.15,149.2,International Lodge Motel
186,Hokitika,NZ,58.41,light rain,-42.7167,170.9667,Beachfront Hotel Hokitika
187,Cape Town,ZA,61.88,broken clouds,-33.9258,18.4232,"Radisson Blu Hotel Waterfront, Cape Town"
188,Cabo San Lucas,MX,74.61,overcast clouds,22.8909,-109.9124,Hotel Tesoro Los Cabos
189,Manavalakurichi,IN,79.02,overcast clouds,8.1333,77.3,Jebinrio home
192,Los Llanos De Aridane,ES,58.75,clear sky,28.6585,-17.9182,Valle Aridane
193,Nieuw Amsterdam,SR,77.16,scattered clouds,5.8833,-55.0833,Hotel Stardust
194,Constitucion,CL,56.19,clear sky,-35.3333,-72.4167,Hotel Boutique Las Azucenas
195,Katsuura,JP,51.6,overcast clouds,35.1333,140.3,Katsuura Hotel Mikazuki
196,Carutapera,BR,75.81,light rain,-1.195,-46.02,Lidera
198,Sao Gabriel Da Cachoeira,BR,73.69,light rain,-0.1303,-67.0892,Alarne - √Årea De Lazer Do Alto Rio Negro
199,Kousseri,CM,84.16,few clouds,12.0769,15.0306,Le Pilotis
200,La Palma,US,76.96,broken clouds,33.8464,-118.0467,La Quinta Inn & Suites by Wyndham Buena Park
201,Axim,GH,80.06,light rain,4.8699,-2.2405,Axim Beach Resort And Spa
202,Mahebourg,MU,77.29,broken clouds,-20.4081,57.7,Shandrani Beachcomber Resort & Spa
204,Nicoya,CR,82.27,overcast clouds,10.1483,-85.452,Las Cabinas Del Sue√±o
207,Ponta Do Sol,PT,56.01,scattered clouds,32.6667,-17.1,Hotel do Campo
209,Cabedelo,BR,77.67,clear sky,-6.9811,-34.8339,Hotel Pigalle
213,Ca Mau,VN,79.9,broken clouds,9.1769,105.15,Kh√°ch S·∫°n M∆∞·ªùng Thanh Luxury C√† Mau
214,Kirakira,SB,81.36,overcast clouds,-10.4544,161.9205,SanBiz Lodge
215,Kalmunai,LK,77.34,few clouds,7.4167,81.8167,VS Villa
216,Eureka,US,54.93,overcast clouds,40.8021,-124.1637,Eureka Inn Trademark By Wyndham
217,Puerto El Triunfo,SV,86.92,overcast clouds,13.2833,-88.55,Hotel Jardin
220,Oliveira Dos Brejinhos,BR,73.98,scattered clouds,-12.3169,-42.8961,Hotel Paraiso
221,Otane,NZ,67.01,scattered clouds,-39.8833,176.6333,Ludlow Farmstay
223,Shingu,JP,59.45,clear sky,33.7333,135.9833,Shingu UI Hotel
224,East London,ZA,64.53,clear sky,-33.0153,27.9116,Tu Casa
225,Luwuk,ID,83.7,overcast clouds,-0.9516,122.7875,Hotel Santika Luwuk
226,Cayenne,GF,81.09,overcast clouds,4.9333,-52.3333,H√¥tel Le Dronmi
227,Ilhabela,BR,74.53,light rain,-23.7781,-45.3581,Ilha Flat Hotel
228,Sanmenxia,CN,67.03,clear sky,34.7747,111.1814,Pengzhou Hotel
230,Bayeux,BR,77.63,clear sky,-7.125,-34.9322,Infinity Motel
236,Ha Giang,VN,68.7,scattered clouds,22.8333,104.9833,Truong Xuan Resort
237,Saldanha,ZA,59.05,light rain,-33.0117,17.9442,Blue Bay Lodge
238,Yulara,AU,75.04,clear sky,-25.2406,130.9889,Desert Gardens Hotel - Ayers Rock Resort
239,Atambua,ID,80.38,clear sky,-9.1061,124.8925,Kost Alfa Flat
241,Liaocheng,CN,63.68,overcast clouds,36.4439,115.9647,ÂáØÊóãÂÆ´Â§ßÈÖíÂ∫ó
242,Bathsheba,BB,79.41,few clouds,13.2167,-59.5167,Atlantis Hotel
243,Erzin,TR,57.31,scattered clouds,36.9559,36.2,Artemis Otel
244,Ambon,ID,89.74,few clouds,-3.6954,128.1814,Swiss-Belhotel Ambon
245,Mar Del Plata,AR,60.87,clear sky,-38.0023,-57.5575,Gran Hotel Mar del Plata
248,Denizli,TR,58.15,overcast clouds,37.8402,29.0698,Anemon Denizli Hotel
249,Huayucachi,PE,50.81,broken clouds,-12.1333,-75.2333,HOSTAL MOLINOS - cochera
250,Ariquemes,BR,73.87,overcast clouds,-9.9133,-63.0408,Hotel Sol Nascente - Ariquemes - RO
251,Hukuntsi,BW,67.69,clear sky,-24.0,21.75,Entabeni Hotel
252,Waipawa,NZ,67.71,light rain,-41.4122,175.5153,Tora Coastal Walk
253,Pitimbu,BR,77.59,few clouds,-7.4706,-34.8086,Reserva do Abia√≠
254,Batemans Bay,AU,66.09,scattered clouds,-35.7167,150.1833,Batemans Bay Marina Resort
256,Sao Filipe,CV,71.11,clear sky,14.8961,-24.4956,Hotel Xaguate
257,Saint-Joseph,RE,74.21,scattered clouds,-21.3667,55.6167,"""Plantation Bed and Breakfast"
258,Calama,CL,55.87,clear sky,-22.4667,-68.9333,Park Hotel Calama
259,Chhatarpur,IN,79.36,clear sky,24.9,79.6,Hotal Moti Mahal
260,Puerto Carreno,CO,79.99,overcast clouds,6.189,-67.4859,Casa Hotel Victoria
261,La Esperanza,GT,61.52,broken clouds,14.8667,-91.5667,Posada Don Teco
262,Santiago,CL,73.29,clear sky,-33.4569,-70.6483,Hotel Panamericano
263,Ardmore,US,60.58,moderate rain,34.1743,-97.1436,"Motel 6 Ardmore, OK"
264,Sao Joao Da Barra,BR,77.47,clear sky,-21.6403,-41.0511,Pousada Porto De Canoas
266,Mastung,PK,58.95,clear sky,29.7994,66.845,Al Hasnan Cold Drink Santer
267,Honiara,SB,80.62,overcast clouds,-9.4333,159.95,Heritage Park Hotel
268,Tonantins,BR,74.59,broken clouds,-2.8731,-67.8022,Hotel Hortensias
270,Dong Hoi,VN,67.12,overcast clouds,17.4833,106.6,Nam Long Hotel
273,Te Anau,NZ,63.72,overcast clouds,-45.4167,167.7167,Kingsgate Hotel Te Anau
274,Katobu,ID,83.46,overcast clouds,-4.9408,122.5276,La Ode Husein
277,Faanui,PF,82.96,clear sky,-16.4833,-151.75,Bora-Bora Pearl Beach Resort & Spa
278,Pacific Grove,US,70.38,clear sky,36.6177,-121.9166,Lovers Point Inn
279,Kavieng,PG,82.47,light rain,-2.5744,150.7967,Nusa Island Retreat
281,Sibu,MY,77.31,scattered clouds,2.3,111.8167,RH HOTEL (4 Star)
282,Hays,US,77.22,overcast clouds,30.0502,-98.0336,Sinya on Lone Man Creek
284,Dubrajpur,IN,77.16,clear sky,23.8,87.3833,Garai Hotel
286,Udankudi,IN,78.98,few clouds,8.4333,78.0167,"SRI ANANDHI TRADERS,UDANGUDI"
287,Richmond,US,59.23,broken clouds,37.5538,-77.4603,"Holiday Inn Express Richmond - Downtown, an IHG Hotel"
291,Alofi,NU,73.29,overcast clouds,-19.0595,-169.9187,Taloa Heights
293,Arrifes,PT,50.25,scattered clouds,37.7667,-25.7,Hotel Ponta Delgada
294,Lamu,KE,82.62,clear sky,-2.2717,40.902,Lamu House
296,Chaiyaphum,TH,74.8,few clouds,15.75,102.0,BBM Hotel
298,Nabire,ID,86.31,broken clouds,-3.3667,135.4833,Hotel Nusantara I
299,Byron Bay,AU,79.72,clear sky,-28.65,153.6167,Backpackers Inn
300,Tahta,EG,77.04,clear sky,26.7693,31.5021,ŸÅŸÜÿØŸÇ ÿßŸÑÿ≤Ÿäÿßÿ™
302,Pozo Colorado,PY,75.79,overcast clouds,-23.4923,-58.7972,Hospedaje la Amistad
303,Codrington,AU,61.86,overcast clouds,-38.2667,141.9667,Codrington Gardens Bed And Breakfast
304,Meadow Lake,US,68.86,few clouds,34.8014,-106.5436,TumbleWeed RV Park
305,Natal,BR,77.65,few clouds,-5.795,-35.2094,Villa Park Hotel | Natal
308,Flinders,AU,77.05,clear sky,-34.5833,150.8552,Shellharbour Resort & Conference Centre
309,Juan Lacaze,UY,53.11,clear sky,-34.4342,-57.4381,Posada Agreste
310,Aswan,EG,83.5,clear sky,24.0934,32.907,Nuba Nile
311,Sydney,AU,77.58,few clouds,-33.8679,151.2073,The Grace Sydney
314,Chuy,UY,55.8,clear sky,-33.6971,-53.4616,Nuevo Hotel Plaza
316,Hambantota,LK,75.54,scattered clouds,6.1241,81.1185,Bungalow 63
318,Kruisfontein,ZA,55.89,clear sky,-34.0033,24.7314,Oyster Bay House Rental
319,Saint-Pierre,RE,75.29,scattered clouds,-21.3393,55.4781,Lindsey H√¥tel
321,Emerald,AU,83.34,clear sky,-23.5333,148.1667,The Irish Village
326,Tshela,CD,72.48,overcast clouds,-4.9833,12.9333,Hotel Mirador
327,Jhanjharpur,IN,77.41,clear sky,26.2667,86.2833,Krishna Sweets
328,Sawakin,SD,78.12,clear sky,19.1059,37.3321,ŸÅŸÜÿØŸÇ ÿßŸÑÿØŸàŸäŸÖ
329,Chiang Khong,TH,75.69,clear sky,20.2613,100.4046,Chiangkhong Green Inn Resident
330,Kingaroy,AU,77.04,clear sky,-26.5333,151.8333,Ascot Lodge Motel Kingaroy
334,Moree,AU,78.82,clear sky,-29.4667,149.85,Molika Springs Motel
335,Isangel,VU,87.91,broken clouds,-19.55,169.2667,Tanna Lodge
336,Port Macquarie,AU,79.9,clear sky,-31.4333,152.9167,Rydges Port Macquarie
340,Gull Lake,CA,51.58,overcast clouds,50.1001,-108.4847,Campbell's Accommodations
341,Katherine,AU,88.12,few clouds,-14.4667,132.2667,Pine Tree Motel
343,Iizuka,JP,61.09,scattered clouds,33.6333,130.6833,Hotel AZ Fukuoka Iizuka
344,Cockburn Town,TC,78.12,clear sky,21.4612,-71.1419,Osprey Beach Hotel
345,Sagua La Grande,CU,72.59,heavy intensity rain,22.8067,-80.0756,Hotel Tel√©grafo
346,Khowst,AF,63.28,few clouds,33.3833,69.8833,Ÿà⁄ÜŸá ÿÆŸà⁄ìŸáÿåWacha Khwara
347,Souillac,MU,77.38,broken clouds,-20.5167,57.5167,Shanti Maurice Resort & Spa
349,Port Lincoln,AU,62.6,light rain,-34.7333,135.8667,Port Lincoln Hotel
353,Deming,US,75.09,clear sky,32.2687,-107.7586,Best Western Deming Southwest Inn
354,Esperance,AU,60.64,scattered clouds,-33.8667,121.9,Hospitality Esperance
355,Fortuna,US,54.66,broken clouds,40.5982,-124.1573,Super 8 by Wyndham Fortuna
358,Balabac,PH,81.41,moderate rain,7.9868,117.0645,Batalla‚Äôs Lodging House
360,Ambilobe,MG,72.59,overcast clouds,-13.2,49.05,H√¥tel & Restaurant DIANA Ambilobe
361,Lompoc,US,77.56,clear sky,34.6391,-120.4579,"Holiday Inn Express Lompoc, an IHG Hotel"
363,Puerto Escondido,MX,79.77,clear sky,15.85,-97.0667,Aldea del Bazar Hotel and Spa
366,Leshan,CN,57.99,overcast clouds,29.5623,103.7639,Leshan Haiyun International Youth Hostel
370,Bambari,CF,73.0,scattered clouds,5.768,20.6757,Hotel-Restaurant BIBICH
372,Mahon,ES,50.56,scattered clouds,39.8885,4.2658,ARTIEM Capri
374,Riyadh,SA,71.74,clear sky,24.6877,46.7219,"InterContinental Riyadh, an IHG Hotel"
375,Port Shepstone,ZA,72.1,clear sky,-30.7414,30.455,My Den Beachfront Bed and Breakfast | Self-Catering
376,Doka,SD,86.85,clear sky,13.5167,35.7667,Um Rakuba Refugee Camp
377,Savalou,BJ,77.4,overcast clouds,7.9281,1.9756,Hotel F&F
379,Marrakesh,MA,50.07,broken clouds,31.6315,-8.0083,Les Jardins de La Koutoubia
380,Praia Da Vitoria,PT,57.76,few clouds,38.7333,-27.0667,Hotel Branco I
381,Mount Gambier,AU,55.31,scattered clouds,-37.8333,140.7667,The Commodore
382,Komsomolskiy,UZ,56.12,clear sky,40.4272,71.7189,Ikathouse
384,Russell,US,74.8,clear sky,32.3502,-85.1999,Macs
385,Enterprise,US,82.94,broken clouds,36.0252,-115.2419,Las Vegas Motorcoach Resort
386,Vila Velha,BR,78.75,scattered clouds,-20.3297,-40.2925,Hotel Vit√≥ria Palace
387,Gat,IL,74.39,clear sky,31.61,34.7642,OlusHome
389,Skibbereen,IE,50.11,few clouds,51.55,-9.2667,The West Cork Hotel
391,Bridgeton,US,51.91,scattered clouds,39.4273,-75.2341,Star Liberty Inn Hotel
394,Bairiki,KI,86.0,few clouds,1.3292,172.9752,Tarawa Boutique Hotel
395,Namibe,AO,68.47,scattered clouds,-15.1961,12.1522,Hotel Chik Chik Namibe
397,Phek,IN,58.91,clear sky,25.6667,94.5,Prayer Centre
401,Guerrero Negro,MX,62.37,clear sky,27.9769,-114.0611,"Casa Laguna, Bed & Breakfast"
404,San Nicolas,PH,82.31,broken clouds,18.1725,120.5953,NORTHVIEW Hotel
405,Sorada,IN,77.04,overcast clouds,19.75,84.4333,PWD Guest House
406,Xiaoweizhai,CN,54.05,overcast clouds,26.1903,107.5125,Karst Youth Hostel
408,Vila Franca Do Campo,PT,52.21,broken clouds,37.7167,-25.4333,Pestana Bahia Praia
409,Iwanai,JP,51.89,clear sky,42.9744,140.5089,„ÅÑ„Çè„Å™„ÅÑÈ´òÂéü„Éõ„ÉÜ„É´
411,Pisco,PE,68.05,clear sky,-13.7,-76.2167,Hotel San Isidro Oficial
412,Dingle,PH,84.22,overcast clouds,10.9995,122.6711,SEGAYA PROPERTY
413,Shu,KZ,53.42,clear sky,43.5983,73.7614,Shyngyzkhan
415,Kefamenanu,ID,79.79,clear sky,-9.4467,124.4781,Sokowindo Losmen
419,Jacareacanga,BR,74.05,overcast clouds,-6.2222,-57.7528,Casa do Ianüòé
420,Jacqueville,CI,81.36,light rain,5.2052,-4.4146,Hotel Le Martin Pecheur
424,Itoman,JP,68.02,broken clouds,26.1247,127.6694,Southern Beach Hotel & Resort Okinawa
425,Tres Arroyos,AR,53.29,clear sky,-38.3739,-60.2798,Habitacion Triple con ba√±o y entrada privada
427,Englewood,US,65.17,broken clouds,39.6478,-104.9878,InTown Suites Extended Stay Denver CO - Englewood
428,Vanimo,PG,79.83,light rain,-2.6741,141.3028,Vahmoneh Lodge Vanimo
429,Samfya,ZM,65.57,light rain,-11.3649,29.5565,Chita Lodge Samfya
430,Sassandra,CI,79.03,overcast clouds,4.95,-6.0833,la terrasse
432,Taltal,CL,66.79,clear sky,-25.4,-70.4833,Residencial Karime
433,Lakatoro,VU,82.76,overcast clouds,-16.0999,167.4164,Lakatoro Palm Lodge
438,Papara,BR,79.68,light rain,-3.9839,-38.7273,Bela vista Maranguape
439,Santa Rosa,PH,76.98,moderate rain,14.3122,121.1114,Erlyn‚Äôs Sta Rosa City Home
442,Almeirim,BR,73.8,light rain,-1.5233,-52.5817,Ric√°cio Hotel
444,La Concordia,NI,78.03,overcast clouds,13.1953,-86.1667,Parque de Ferias
445,Manokwari,ID,83.17,overcast clouds,-0.8667,134.0833,Swiss Belhotel Manokwari
448,Kaeo,NZ,73.33,overcast clouds,-35.1,173.7833,Bushido Lodge
449,North Bend,US,53.51,overcast clouds,43.4065,-124.2243,Red Lion Hotel Coos Bay
451,Mutoko,ZW,61.88,scattered clouds,-17.397,32.2268,Mutoko Hotel
452,Gizo,SB,83.71,light rain,-8.103,156.8419,Imagination Island
453,Saurimo,AO,63.77,light rain,-9.6608,20.3916,Hotel Kawissa Saurimo
454,Cidreira,BR,68.88,broken clouds,-30.1811,-50.2056,Hotel Castelo
458,Amarillo,US,64.18,clear sky,35.222,-101.8313,Microtel Inn & Suites by Wyndham Amarillo
459,Birjand,IR,61.27,clear sky,32.8663,59.2211,Birjand Tourist Hotel
462,Kudahuvadhoo,MV,83.28,clear sky,2.6708,72.8944,Niyama Private Islands Maldives
465,Birin,NP,60.8,clear sky,26.8865,88.0718,Sangam hotel and lodge
466,Isabela,PH,80.65,overcast clouds,6.7085,121.9711,Isawad Resort
469,Toamasina,MG,75.2,broken clouds,-18.1667,49.3833,Hotel H1
471,Rapid City,US,64.42,few clouds,44.0805,-103.231,"Hotel Alex Johnson Rapid City, Curio Collection by Hilton"
473,Bambanglipuro,ID,80.04,few clouds,-7.95,110.2833,Puri Brata
474,Horsham,GB,54.1,broken clouds,51.064,-0.3272,Springfields Hotel
475,Coquimbo,CL,61.36,clear sky,-29.9533,-71.3436,Hotel San Juan
476,Topolobampo,MX,68.22,clear sky,25.6,-109.05,Hotel Marina Topolobampo
477,Cortez,US,61.56,few clouds,37.3489,-108.5859,Sand Canyon National 9 Inn
478,Bodden Town,KY,81.0,few clouds,19.2833,-81.25,Will T Place
479,Didsbury,GB,52.02,moderate rain,53.417,-2.2315,Eleven Didsbury Park
482,Black River,JM,78.28,scattered clouds,18.0264,-77.8487,Idlers' Rest Beach Hotel
484,Dalby,AU,80.2,clear sky,-27.1833,151.2667,Kobbers Motor Inn Dalby
488,Lakes Entrance,AU,63.16,scattered clouds,-37.8811,147.981,The Esplanade Resort & Spa
489,Yellandu,IN,76.17,few clouds,17.6,80.3333,Usha Lodge
490,Ahuimanu,US,82.11,broken clouds,21.4447,-157.8378,Paradise Bay Resort
492,Malindi,KE,80.4,few clouds,-3.2175,40.1191,African House Resort
493,Garowe,SO,69.85,scattered clouds,8.4054,48.4845,Curubo Hotel
494,Derna,LY,73.98,clear sky,32.767,22.6367,ŸÅŸÜÿØŸÇ ÿßŸÑŸÅÿ±ÿØŸàÿ≥
496,San Vicente,AR,64.74,scattered clouds,-26.6167,-54.1333,Complejo Tur√≠stico Farelluk
502,Olds,CA,50.85,overcast clouds,51.7834,-114.102,Ramada by Wyndham Olds
505,Presidente Olegario,BR,66.83,clear sky,-18.4178,-46.4181,Cruzeiro Hotel
506,Alugan,PH,81.64,moderate rain,12.2188,125.4808,JM Lodge
508,Guadalupe Y Calvo,MX,52.29,clear sky,26.1,-106.9667,Hotel Pizarro
510,Vaitape,PF,82.99,clear sky,-16.5167,-151.75,Conrad Bora Bora Nui
512,Montevideo,UY,55.11,clear sky,-34.8335,-56.1674,Besares Social Club
513,Lichinga,MZ,64.49,broken clouds,-13.3128,35.2406,Residencial Bendiak
514,Koumac,NC,79.74,moderate rain,-20.5667,164.2833,Le Monitel
515,Labuhan,ID,80.69,few clouds,-6.8844,112.2051,DoubleFAG
516,Saint-Georges,GD,78.48,few clouds,12.0564,-61.7485,Radisson Grenada Beach Resort
517,Bonthe,SL,76.89,broken clouds,7.5264,-12.505,Bonthe Holiday Village
518,Tabou,CI,80.49,light rain,4.423,-7.3528,hot√™l doufoulougou
521,Ypsonas,CY,61.29,scattered clouds,34.6884,32.9574,Club Aphrodite
522,Port Hedland,AU,87.85,clear sky,-20.3167,118.5667,"The Esplanade Hotel (Accommodation section closed for refurbishment - Bar, Restaurant & Functions remain open)"
524,Alta Floresta,BR,75.02,clear sky,-9.8756,-56.0861,Floresta Amazonica Hotel
525,Ara,IN,69.69,clear sky,25.5667,84.6667,Hotel The Regal- Arrah
528,Assiniboia,CA,53.42,overcast clouds,49.6334,-105.9845,Canalta Hotel Assiniboia
529,Tena,EC,69.71,moderate rain,-0.9833,-77.8167,Hostal Tena √ëaui
533,Trairi,BR,75.97,light rain,-3.2778,-39.2689,janelas do mar
534,San Bartolo,MX,57.54,clear sky,19.1833,-100.05,Hotel Finca los Girasoles
536,Broken Hill,AU,73.11,clear sky,-31.95,141.4333,Royal Exchange Hotel
539,Mandiana,GN,83.62,overcast clouds,10.6333,-8.6833,Motels rouzo
541,Nanakuli,US,82.35,broken clouds,21.3906,-158.1547,Camp PƒÅlehua
543,Zemio,CF,72.34,overcast clouds,5.0314,25.1361,OCHA Office
544,Jiaojiang,CN,61.0,scattered clouds,28.6803,121.4428,Fangyuan Hotel
545,Borujerd,IR,55.72,overcast clouds,33.8973,48.7516,Zagros Hotel
547,Knysna,ZA,60.85,clear sky,-34.0363,23.0471,Protea Hotel by Marriott Knysna Quays
548,San Mateo Ixtatan,GT,55.54,broken clouds,15.8319,-91.4781,HOTEL MAGDALENA
551,Dondo,MZ,76.51,few clouds,-19.6094,34.7431,Arco Iris
552,Mahibadhoo,MV,83.1,scattered clouds,3.7833,72.9667,Omadhoo Inn
553,Miri,MY,77.14,scattered clouds,4.4148,114.0089,"Mega Hotel, Miri"
555,Liverpool,GB,52.14,overcast clouds,53.4106,-2.9779,Premier Inn Liverpool City Centre (Moorfields) hotel
557,Brigantine,US,50.0,overcast clouds,39.4101,-74.3646,Legacy Vacation Resorts - Brigantine Beach
560,Kutum,SD,75.34,clear sky,14.2,24.6667,Dibbo areaŸÖŸÜÿ∑ŸÇÿ© ÿØÿ®Ÿà
562,Rawson,AR,62.17,overcast clouds,-43.3002,-65.1023,Hosteria Sampedro
563,Barcelona,ES,50.86,clear sky,41.3888,2.159,Axel Hotel Barcelona
565,Shihezi,CN,57.15,overcast clouds,44.3,86.0333,Home Inn Shihezi Dongwu Road Century Square
567,Mangochi,MW,70.18,light rain,-14.4782,35.2645,Fort Johnstone Hotel
568,Lazaro Cardenas,MX,74.64,few clouds,17.9583,-102.2,HOTEL QUINTA ANTIGUA
570,Eral,IN,78.98,light intensity drizzle,8.6333,78.0167,Raghu Building
571,Chabahar,IR,75.72,few clouds,25.2919,60.643,Ÿáÿ™ŸÑ ⁄ØÿØÿ±Ÿàÿ¥€åÿß
572,Nagato,JP,51.21,scattered clouds,34.3833,131.2,„ÅÑ„Åù„ÅÜÂ∫µ
573,Nhlangano,SZ,55.36,clear sky,-27.1167,31.2,Nhlangano BnB
574,Matay,EG,73.0,clear sky,28.419,30.7792,Nag Aespen
575,Tual,ID,82.29,few clouds,-5.6667,132.75,Grand Vilia Hotel
577,Yeppoon,AU,83.98,scattered clouds,-23.1333,150.7333,Villa Mar Colina
578,Jalu,LY,79.5,clear sky,29.0331,21.5482,ÿµÿßÿ≠ÿ®ÿ© ÿßŸÑŸÅÿÆÿßŸÖÿ©
580,Sabha,LY,80.6,clear sky,27.0377,14.4283,Foundation Taaj Asala for Historical Research and Archeology
582,Dar Es Salaam,TZ,79.18,few clouds,-6.8235,39.2695,"Holiday Inn Dar Es Salaam City Centre, an IHG Hotel"
584,Havelock,US,58.95,clear sky,34.8791,-76.9013,Sherwood Motel
588,Binzhou,CN,64.87,scattered clouds,37.3667,118.0167,Hampton By Hilton Binzhou
590,Bargur,IN,70.45,broken clouds,12.5424,78.3539,VP's Kitchen Smoke N Grill
593,Dunmore Town,BS,76.37,clear sky,25.5,-76.65,Coral Sands Hotel
594,Aldama,MX,79.5,scattered clouds,22.9167,-98.0667,CASA CANYE
595,Asosa,ET,71.22,few clouds,10.0667,34.5333,Blendana Hotel Assosa
596,Miles City,US,59.97,scattered clouds,46.4083,-105.8406,FairBridge Inn & Suites Miles City
598,Piranhas,BR,75.72,scattered clouds,-16.4269,-51.8222,Planalto Hotel
599,Isla Mujeres,MX,82.45,clear sky,21.2311,-86.731,Hotel La Joya Isla Mujeres
601,Luena,AO,62.87,broken clouds,-11.7833,19.9167,Hotel Kandamba
604,Luau,AO,64.53,overcast clouds,-10.7073,22.2247,Casa- Bernardo C√¢ndido
605,Banda Aceh,ID,79.61,overcast clouds,5.5577,95.3222,OYO 884 Rumoh PMI Hotel
607,Sumenep,ID,82.85,few clouds,-7.0167,113.8667,OYO 3271 Homestay Pandian
608,Kon Tum,VN,70.48,overcast clouds,14.35,108.0,Hoa ƒë√† spa- homestay
609,Cap Malheureux,MU,77.47,scattered clouds,-19.9842,57.6142,Pereybere Hotel & Spa
612,Sabang,ID,80.85,light rain,5.8933,95.3214,Hotel Citra
614,Robertsport,LR,78.28,overcast clouds,6.7533,-11.3686,Kwepunha Retreat
615,Kantunilkin,MX,78.08,clear sky,21.0917,-87.45,Posada Paraiso
617,Tamiahua,MX,74.19,clear sky,21.2667,-97.45,Mission Of The Sun Hotel
619,Puerto Leguizamo,CO,72.66,scattered clouds,-0.1934,-74.7819,la casona de juancho
620,Uong Bi,VN,69.78,few clouds,21.0333,106.7833,khach san Trung lien
622,Kalanwali,IN,72.82,broken clouds,29.85,74.95,Taj Palace
623,Hanmer Springs,NZ,72.64,overcast clouds,-42.5167,172.8167,The Chalets Motel
626,Beni Mazar,EG,73.09,clear sky,28.4962,30.8029,Link Co-Working space & Development center
628,Tiarei,PF,87.82,few clouds,-17.5333,-149.3333,Le Rocher de Tahiti
629,Kaputa,ZM,68.74,light rain,-8.4689,29.6619,Chelelwa Charlets
631,Calderitas,MX,79.77,clear sky,18.55,-88.25,Hotel Hacienda Campestre
632,Mitsamiouli,KM,81.41,clear sky,-11.3847,43.2844,Foyer ADM
634,Kovur,IN,75.52,overcast clouds,14.4833,79.9833,Hotel Yesh Park
635,Auki,SB,82.18,heavy intensity rain,-8.7676,160.7034,Auki Motel
637,Odweyne,SO,71.82,few clouds,9.4092,45.064,Eng Hiirey House
638,Vila Do Maio,CV,70.59,scattered clouds,15.1333,-23.2167,Hotel Marilu
639,Ugoofaaru,MV,83.1,few clouds,5.6667,73.0,Ungoofaaru Inn
640,Eston,CA,50.92,overcast clouds,51.1501,-108.7514,Hearthside Place B&B
641,Navirai,BR,71.11,clear sky,-23.065,-54.1906,Dubai Hotel - Tamb√©m sua casa!
642,Karanganyar,ID,80.33,scattered clouds,-6.7072,111.0834,Guntur Patie Home's
643,Catumbela,AO,75.72,overcast clouds,-12.4314,13.5472,Hotel Do Kamgamba
644,Kantang,TH,73.49,scattered clouds,7.4054,99.5156,Reng Ta Chai Boutique HomeStay
645,Ushtobe,KZ,54.99,broken clouds,45.2514,77.9838,Filipin Squad
649,Mangit,UZ,62.37,clear sky,40.5971,70.9607,Dangara Hotel
652,Chichawatni,PK,72.7,broken clouds,30.5333,72.7,Ever Green Guest House
654,Simbakoro,SL,72.82,overcast clouds,8.6,-11.0167,Diamond Lodge
658,Nargana,PA,79.52,overcast clouds,9.4428,-78.5906,Dubbir
660,Porto Novo,BJ,84.02,overcast clouds,6.4965,2.6036,Tour Eiffel Hotel Benin
661,Preston,GB,51.33,overcast clouds,53.7667,-2.7167,Legacy Preston International Hotel - managed by Legacy Hotels and Resorts
662,Arenapolis,BR,73.35,clear sky,-14.4503,-56.8461,Mato Grosso Hotel
664,Ratnagiri,IN,79.63,overcast clouds,16.9833,73.3,Hotel Landmark
