City_ID,City,Country,Lat,Lng,Max Temp,Humidity,Cloudiness,Wind Speed,Current Description
0,Mataura,NZ,-46.1927,168.8643,66.61,60,100,2.75,light rain
1,Pombas,CV,17.1503,-25.0201,69.58,69,11,10.31,few clouds
2,Bluff,NZ,-46.6,168.3333,62.94,76,100,8.08,overcast clouds
3,Sur,OM,22.5667,59.5289,79.57,51,0,12.62,clear sky
4,Jamestown,US,42.097,-79.2353,42.44,50,100,5.75,overcast clouds
5,Busselton,AU,-33.65,115.3333,61.12,60,0,9.82,clear sky
6,Tuatapere,NZ,-46.1333,167.6833,66.69,69,100,5.77,light rain
7,Rikitea,PF,-23.1203,-134.9692,78.24,64,69,11.56,broken clouds
8,Roald,NO,62.5833,6.1333,32.32,93,75,4.61,snow
9,Maceio,BR,-9.6658,-35.7353,76.44,88,20,2.3,few clouds
10,Ushuaia,AR,-54.8,-68.3,37.06,70,40,18.41,scattered clouds
11,Kushima,JP,31.4583,131.2333,64.51,48,1,1.72,clear sky
12,San Policarpo,PH,12.1791,125.5072,81.93,86,86,15.57,light rain
13,Port Alfred,ZA,-33.5906,26.891,62.87,81,0,9.57,clear sky
14,Tabas,IR,33.5959,56.9244,76.71,11,89,2.75,overcast clouds
15,Morant Bay,JM,17.8815,-76.4093,80.22,83,50,8.43,scattered clouds
16,Lorengau,PG,-2.0226,147.2712,82.94,78,100,14.97,heavy intensity rain
17,Atuona,PF,-9.8,-139.0333,79.95,72,8,22.01,clear sky
18,Aripuana,BR,-9.1667,-60.6333,73.85,98,100,1.23,overcast clouds
19,Torbay,CA,47.6666,-52.7314,37.76,95,100,17.27,moderate rain
20,Ormara,PK,25.2088,64.6357,77.61,76,0,10.11,clear sky
21,Cherskiy,RU,68.75,161.3,-2.54,84,35,2.91,scattered clouds
22,Chokurdakh,RU,70.6333,147.9167,-7.64,94,19,9.24,few clouds
23,Haljala,EE,59.4336,26.2614,33.48,97,100,17.49,light snow
24,Hilo,US,19.7297,-155.09,76.24,82,75,1.99,broken clouds
25,Kahului,US,20.8947,-156.47,82.42,63,40,24.16,scattered clouds
26,Hermanus,ZA,-34.4187,19.2345,60.8,81,4,11.74,clear sky
27,Punta Arenas,CL,-53.15,-70.9167,39.31,75,75,19.57,light intensity shower rain
28,Livingstone,ZM,-17.8419,25.8543,65.57,93,96,1.45,overcast clouds
29,Plaridel,PH,14.8872,120.8572,76.98,62,97,13.58,light rain
30,Thompson,CA,55.7435,-97.8558,41.16,42,0,5.75,clear sky
31,Dalhousie,IN,32.5333,75.9833,52.43,28,68,9.73,broken clouds
32,Yellowknife,CA,62.456,-114.3525,41.52,52,40,10.36,scattered clouds
33,Tiksi,RU,71.6872,128.8694,-4.52,99,100,4.5,overcast clouds
34,Hobart,AU,-42.8794,147.3294,62.02,64,75,12.66,broken clouds
35,San Patricio,US,28.017,-97.5169,80.69,80,14,12.19,few clouds
36,Shimoda,JP,34.6667,138.95,59.11,66,32,12.82,scattered clouds
37,Lebu,CL,-37.6167,-73.65,55.24,80,93,15.66,overcast clouds
38,Tasiilaq,GL,65.6145,-37.6368,15.96,90,93,8.77,overcast clouds
39,Severnyy-Kospashskiy,RU,59.0925,57.8008,31.15,92,100,9.24,overcast clouds
40,Bambous Virieux,MU,-20.3428,57.7575,77.25,94,75,6.91,broken clouds
41,Provideniya,RU,64.3833,-173.3,12.36,62,0,27.0,clear sky
42,Kapaa,US,22.0752,-159.319,80.58,74,20,14.97,few clouds
43,Padang,ID,-0.9492,100.3543,75.25,70,18,2.44,few clouds
44,Drumnadrochit,GB,57.3344,-4.4799,38.89,99,100,4.21,light rain
45,Jawhar,SO,2.7809,45.5005,77.38,83,14,5.48,few clouds
46,Victoria,HK,22.2855,114.1577,71.26,60,17,3.0,few clouds
47,Juneau,US,58.3019,-134.4197,46.4,100,40,11.5,scattered clouds
48,Angoche,MZ,-16.2325,39.9086,76.26,78,1,4.88,clear sky
49,Catia La Mar,VE,10.6038,-67.0303,80.8,78,40,3.44,scattered clouds
50,Barrow,US,71.2906,-156.7887,-5.78,71,100,16.11,light snow
51,Coahuayana,MX,18.7333,-103.6833,72.28,77,22,4.36,few clouds
52,Vardo,NO,70.3705,31.1107,28.56,61,99,19.04,light snow
53,Puerto Ayora,EC,-0.7393,-90.3518,76.55,95,33,6.91,scattered clouds
54,Saint George,US,37.1041,-113.5841,79.63,13,0,16.11,clear sky
55,Margate,GB,51.3813,1.3862,53.31,79,100,7.0,overcast clouds
56,Kodiak,US,57.79,-152.4072,40.51,56,100,12.66,overcast clouds
57,Naze,JP,28.3667,129.4833,65.32,49,6,5.73,clear sky
58,Raudeberg,NO,61.9875,5.1352,31.87,92,100,8.46,light snow
59,Husavik,IS,66.0449,-17.3389,22.68,92,100,6.42,light snow
60,Arraial Do Cabo,BR,-22.9661,-42.0278,76.96,87,0,10.36,clear sky
61,Nanortalik,GL,60.1432,-45.2371,33.75,80,100,4.03,overcast clouds
62,Vaini,TO,-21.2,-175.2,80.76,78,75,10.36,broken clouds
63,Neon Karlovasion,GR,37.7903,26.7044,61.92,58,100,6.38,overcast clouds
64,Ippy,CF,6.2679,21.2247,71.11,86,98,3.69,overcast clouds
65,Nikolskoye,RU,59.7035,30.7861,33.8,97,100,12.48,overcast clouds
66,Ocampo,MX,21.65,-101.5,70.23,13,0,15.32,clear sky
67,Spirovo,RU,57.419,34.9766,25.74,91,42,9.13,scattered clouds
68,Ostrovnoy,RU,68.0531,39.5131,13.35,93,100,10.33,overcast clouds
69,Saskylakh,RU,71.9167,114.0833,-5.08,96,97,8.14,overcast clouds
70,Nome,US,64.5011,-165.4064,19.47,45,0,9.22,clear sky
71,Ribeira Grande,PT,38.5167,-28.7,60.22,74,26,7.31,scattered clouds
72,Hervey Bay,AU,-25.2986,152.8535,79.79,58,0,11.18,clear sky
73,Pevek,RU,69.7008,170.3133,-8.88,92,69,3.89,broken clouds
74,Bethel,US,41.3712,-73.414,50.54,66,100,4.43,overcast clouds
75,Butaritari,KI,3.0707,172.7902,81.93,80,31,15.88,light rain
76,Gedo,ET,9.0167,37.45,55.63,64,13,0.94,few clouds
77,Carnarvon,AU,-24.8667,113.6333,73.47,83,0,14.97,clear sky
78,Castro,BR,-24.7911,-50.0119,63.79,97,100,2.59,overcast clouds
79,Barra Patuca,HN,15.8,-84.2833,80.62,77,5,18.1,clear sky
80,Puri,IN,19.8,85.85,81.12,85,100,15.68,overcast clouds
81,Hithadhoo,MV,-0.6,73.0833,82.67,67,7,2.37,clear sky
82,Ambositra,MG,-20.5167,47.25,56.62,95,5,1.59,clear sky
83,Torres,BR,-29.3353,-49.7269,71.83,92,96,7.52,overcast clouds
84,Longyearbyen,SJ,78.2186,15.6401,10.24,61,20,16.11,few clouds
85,Sinnamary,GF,5.3833,-52.95,77.7,85,96,9.93,overcast clouds
86,Lagoa,PT,39.05,-27.9833,59.09,72,23,8.1,few clouds
87,Khor,RU,47.8861,134.9464,48.02,67,67,13.96,broken clouds
88,Marica,BR,-22.9194,-42.8186,78.75,91,1,6.33,clear sky
89,Klaksvik,FO,62.2266,-6.589,31.12,61,100,14.81,overcast clouds
90,Beloha,MG,-25.1667,45.05,70.54,90,14,5.35,few clouds
91,Krasnouralsk,RU,58.3638,60.0407,35.17,83,100,9.82,overcast clouds
92,Palmer,US,42.1584,-72.3287,48.61,57,75,8.05,broken clouds
93,Turukhansk,RU,65.8167,87.9833,25.02,93,100,18.45,light snow
94,Westport,US,41.1415,-73.3579,51.8,50,20,5.99,few clouds
95,Sorland,NO,67.667,12.6934,30.9,46,17,15.14,few clouds
96,Rudnogorsk,RU,57.2639,103.7519,17.98,78,100,2.42,overcast clouds
97,Karratha,AU,-20.7377,116.8463,87.87,47,0,7.05,clear sky
98,Tadine,NC,-21.55,167.8833,82.96,77,100,12.48,overcast clouds
99,Saint-Philippe,RE,-21.3585,55.7679,75.22,87,62,11.52,light rain
100,Airai,TL,-8.9266,125.4092,71.33,55,27,0.49,scattered clouds
101,Muros,ES,42.7762,-9.0603,45.09,64,0,16.73,clear sky
102,Mulege,MX,26.8833,-111.9833,69.76,50,0,2.91,clear sky
103,Malanje,AO,-9.5402,16.341,64.29,96,98,2.89,overcast clouds
104,Laguna,US,38.421,-121.4238,73.58,55,0,8.05,clear sky
105,Calvia,ES,39.5657,2.5062,51.93,64,94,14.85,overcast clouds
106,Gamba,GA,-2.65,10.0,77.41,91,100,4.99,overcast clouds
107,Bilma,NE,18.6853,12.9164,81.93,7,11,4.5,few clouds
108,Kattivakkam,IN,13.2167,80.3167,82.08,87,46,7.94,scattered clouds
109,Yumen,CN,40.2833,97.2,52.25,15,0,1.05,clear sky
110,Khorixas,NA,-20.3667,14.9667,62.4,60,0,2.57,clear sky
111,Santa Isabel Do Rio Negro,BR,-0.4139,-65.0192,74.01,98,62,2.8,broken clouds
112,Ciurea,RO,47.05,27.5667,34.34,73,0,3.44,clear sky
113,Tuskegee,US,32.424,-85.6916,74.55,55,3,3.36,clear sky
114,Mount Isa,AU,-20.7333,139.5,87.57,11,7,11.5,clear sky
115,Nanchong,CN,30.7951,106.0847,57.72,86,100,0.96,overcast clouds
116,Albany,US,42.6001,-73.9662,43.63,66,100,7.09,overcast clouds
117,Pechenga,RU,69.5259,31.1703,8.62,98,100,7.49,overcast clouds
118,Norman Wells,CA,65.282,-126.8329,5.04,47,75,12.66,broken clouds
119,Port Blair,IN,11.6667,92.75,81.9,75,82,3.51,broken clouds
120,Bereda,ES,43.2686,-7.5406,33.15,89,3,5.61,clear sky
121,Touros,BR,-5.1989,-35.4608,78.13,79,39,9.84,scattered clouds
122,Pereslavl-Zalesskiy,RU,56.7393,38.8563,19.35,94,22,6.42,few clouds
123,Okhotsk,RU,59.3833,143.3,26.17,81,100,10.87,light snow
124,Imbituba,BR,-28.24,-48.6703,71.82,92,100,6.49,overcast clouds
125,Hirara,JP,24.8,125.2833,71.87,53,40,10.36,scattered clouds
126,Georgetown,MY,5.4112,100.3354,78.73,87,40,2.3,scattered clouds
127,Lukulu,ZM,-14.3707,23.242,65.79,96,100,2.73,light rain
128,Lavras,BR,-21.2453,-44.9997,67.39,88,44,1.21,scattered clouds
129,Luanda,AO,-8.8368,13.2343,76.15,84,83,6.29,broken clouds
130,Pulaski,US,34.7668,-92.3001,67.32,72,100,9.22,overcast clouds
131,New Norfolk,AU,-42.7826,147.0587,61.66,59,100,1.99,overcast clouds
132,Ancud,CL,-41.8697,-73.8203,56.23,96,100,12.57,light rain
133,Aldan,RU,58.6031,125.3894,13.05,89,100,11.25,light snow
134,Polevskoy,RU,56.4422,60.1878,33.75,83,100,14.81,overcast clouds
135,Itarema,BR,-2.9248,-39.9167,76.86,90,100,8.03,overcast clouds
136,Bengkulu,ID,-3.8004,102.2655,79.14,69,59,3.94,broken clouds
137,Hasaki,JP,35.7333,140.8333,54.28,84,100,23.24,overcast clouds
138,Revelstoke,CA,50.9832,-118.2023,39.22,93,100,3.44,overcast clouds
139,Walvis Bay,NA,-22.9575,14.5053,57.09,94,0,4.61,clear sky
140,Ojinaga,MX,29.5667,-104.4167,85.41,16,0,6.91,clear sky
141,Buraydah,SA,26.326,43.975,73.85,13,100,7.43,overcast clouds
142,Yakymivka,UA,46.6897,35.1536,35.46,68,65,7.7,broken clouds
143,Bosaso,SO,11.2842,49.1816,78.6,52,0,10.58,clear sky
144,Kopavogur,IS,64.1123,-21.913,30.42,80,100,14.97,snow
145,Geraldton,AU,-28.7667,114.6,68.41,73,0,21.85,clear sky
146,Mitchell,US,43.7094,-98.0298,58.98,28,0,23.02,clear sky
147,Vao,NC,-22.6667,167.4833,78.98,85,100,15.55,light rain
148,Caravelas,BR,-17.7125,-39.2481,76.37,81,1,4.03,clear sky
149,Muhos,FI,64.808,25.9931,24.89,96,100,4.32,overcast clouds
150,Avarua,CK,-21.2078,-159.775,84.25,74,40,3.44,scattered clouds
151,Roebourne,AU,-20.7833,117.1333,89.26,43,0,6.6,clear sky
152,Asau,RO,46.4333,26.4,36.52,82,1,5.75,clear sky
153,Dikson,RU,73.5069,80.5464,3.92,83,53,15.59,broken clouds
154,Clyde River,CA,70.4692,-68.5914,10.63,72,0,2.3,clear sky
155,Umba,RU,66.6871,34.3429,27.82,96,100,17.69,light snow
156,Hrymayliv,UA,49.3321,26.0111,30.97,62,21,11.25,few clouds
157,Ilulissat,GL,69.2167,-51.1,32.02,64,20,3.44,few clouds
158,Bredasdorp,ZA,-34.5322,20.0403,58.5,82,7,7.14,clear sky
159,Beringovskiy,RU,63.05,179.3167,-0.63,76,12,19.35,few clouds
160,Korla,CN,41.7597,86.1469,56.37,25,0,3.83,clear sky
161,Leningradskiy,RU,69.3833,178.4167,-2.4,84,44,3.09,scattered clouds
162,Shajapur,IN,23.4333,76.2667,79.75,16,3,4.63,clear sky
163,Namatanai,PG,-3.6667,152.4333,85.64,68,99,10.83,light rain
164,San Cristobal,VE,7.7669,-72.225,73.58,86,22,2.26,few clouds
165,Kaitangata,NZ,-46.2817,169.8464,67.98,61,100,5.64,light rain
166,Elko,US,41.0002,-115.5012,59.02,51,97,27.85,overcast clouds
167,Sao Felix Do Xingu,BR,-6.6447,-51.995,72.19,97,99,0.38,overcast clouds
168,Tuktoyaktuk,CA,69.4541,-133.0374,-14.8,70,75,8.05,broken clouds
169,Hamilton,US,39.1834,-84.5333,54.45,61,0,9.22,clear sky
170,Upernavik,GL,72.7868,-56.1549,19.22,84,100,5.01,overcast clouds
171,Lata,PT,40.1629,-8.3327,43.59,52,100,4.79,overcast clouds
172,Nizhniy Chir,RU,48.3597,43.0865,36.48,73,100,10.54,overcast clouds
173,Okha,RU,53.5739,142.9478,30.63,56,100,9.57,overcast clouds
174,Port Elizabeth,ZA,-33.918,25.5701,61.32,80,0,3.44,clear sky
175,Chippewa Falls,US,44.9369,-91.3929,41.18,79,100,0.0,overcast clouds
176,Bridlington,GB,54.0831,-0.1919,51.89,85,100,15.41,overcast clouds
177,Amapa,BR,1.0,-52.0,70.74,99,100,1.61,overcast clouds
178,Camacha,PT,33.0833,-16.3333,53.02,58,40,20.71,scattered clouds
179,Abu Kamal,SY,34.4506,40.9171,64.96,32,0,9.46,clear sky
180,Broome,US,42.2506,-75.833,41.61,69,100,3.44,overcast clouds
181,Fuengirola,ES,36.54,-4.6247,53.85,97,75,8.05,broken clouds
182,Tamandare,BR,-8.7597,-35.1047,77.65,80,15,5.41,few clouds
183,Asfi,MA,32.2994,-9.2372,56.59,63,70,13.8,broken clouds
184,Mackay,AU,-21.15,149.2,86.68,74,40,10.36,scattered clouds
185,Khatanga,RU,71.9667,102.5,-13.61,92,50,4.74,scattered clouds
186,Hokitika,NZ,-42.7167,170.9667,58.41,83,100,6.87,light rain
187,Cape Town,ZA,-33.9258,18.4232,61.88,88,75,11.5,broken clouds
188,Cabo San Lucas,MX,22.8909,-109.9124,74.61,75,100,12.97,overcast clouds
189,Manavalakurichi,IN,8.1333,77.3,79.02,81,89,3.36,overcast clouds
190,Muzhi,RU,65.3667,64.6667,12.25,85,15,7.07,few clouds
191,Leh,IN,34.1667,77.5833,23.34,64,5,5.46,clear sky
192,Los Llanos De Aridane,ES,28.6585,-17.9182,58.75,74,0,18.41,clear sky
193,Nieuw Amsterdam,SR,5.8833,-55.0833,77.16,89,40,5.75,scattered clouds
194,Constitucion,CL,-35.3333,-72.4167,56.19,64,0,11.21,clear sky
195,Katsuura,JP,35.1333,140.3,51.6,90,99,23.47,overcast clouds
196,Carutapera,BR,-1.195,-46.02,75.81,94,100,3.24,light rain
197,Bonavista,CA,48.6499,-53.1147,32.45,91,100,21.21,light snow
198,Sao Gabriel Da Cachoeira,BR,-0.1303,-67.0892,73.69,98,100,0.51,light rain
199,Kousseri,CM,12.0769,15.0306,84.16,17,18,1.14,few clouds
200,La Palma,US,33.8464,-118.0467,76.96,64,75,8.05,broken clouds
201,Axim,GH,4.8699,-2.2405,80.06,87,100,6.8,light rain
202,Mahebourg,MU,-20.4081,57.7,77.29,94,75,6.91,broken clouds
203,Teya,RU,60.3778,92.6267,26.24,93,100,5.7,light snow
204,Nicoya,CR,10.1483,-85.452,82.27,69,100,2.39,overcast clouds
205,Fairbanks,US,64.8378,-147.7164,22.24,56,75,5.75,broken clouds
206,Kuusamo,FI,65.9667,29.1833,26.64,93,100,12.66,light snow
207,Ponta Do Sol,PT,32.6667,-17.1,56.01,73,26,10.45,scattered clouds
208,Samokov,BG,42.3333,23.55,36.45,96,100,1.72,overcast clouds
209,Cabedelo,BR,-6.9811,-34.8339,77.67,77,9,9.69,clear sky
210,Chapais,CA,49.7834,-74.8492,28.18,94,25,3.18,scattered clouds
211,Severo-Kurilsk,RU,50.6789,156.125,36.41,91,24,7.45,few clouds
212,Siedlce,PL,52.1677,22.2901,33.82,97,100,22.77,snow
213,Ca Mau,VN,9.1769,105.15,79.9,76,57,6.17,broken clouds
214,Kirakira,SB,-10.4544,161.9205,81.36,87,100,15.21,overcast clouds
215,Kalmunai,LK,7.4167,81.8167,77.34,85,21,3.89,few clouds
216,Eureka,US,40.8021,-124.1637,54.93,91,100,3.0,overcast clouds
217,Puerto El Triunfo,SV,13.2833,-88.55,86.92,73,87,6.8,overcast clouds
218,Hudson Bay,CA,52.85,-102.3842,35.82,90,45,8.08,scattered clouds
219,Ust-Kuyga,RU,70.0167,135.6,-4.95,92,100,3.69,overcast clouds
220,Oliveira Dos Brejinhos,BR,-12.3169,-42.8961,73.98,62,40,4.07,scattered clouds
221,Otane,NZ,-39.8833,176.6333,67.01,45,33,2.35,scattered clouds
222,Hvolsvollur,IS,63.7533,-20.2243,32.49,89,100,2.8,light snow
223,Shingu,JP,33.7333,135.9833,59.45,35,0,3.27,clear sky
224,East London,ZA,-33.0153,27.9116,64.53,77,7,7.4,clear sky
225,Luwuk,ID,-0.9516,122.7875,83.7,71,96,2.75,overcast clouds
226,Cayenne,GF,4.9333,-52.3333,81.09,1,100,4.0,overcast clouds
227,Ilhabela,BR,-23.7781,-45.3581,74.53,91,100,3.38,light rain
228,Sanmenxia,CN,34.7747,111.1814,67.03,46,0,6.35,clear sky
229,Zavyalovo,RU,54.5053,82.4484,35.42,83,100,8.75,overcast clouds
230,Bayeux,BR,-7.125,-34.9322,77.63,88,0,3.44,clear sky
231,Merrill,US,45.1805,-89.6835,37.89,92,100,1.01,overcast clouds
232,Cap-Aux-Meules,CA,47.3821,-61.8597,28.45,93,100,25.32,overcast clouds
233,Koslan,RU,63.4564,48.8989,4.14,98,99,2.19,overcast clouds
234,Mbini,GQ,1.574,9.6134,79.3,84,62,3.83,broken clouds
235,Lasa,IT,46.6166,10.7002,36.48,69,34,4.43,scattered clouds
236,Ha Giang,VN,22.8333,104.9833,68.7,64,39,1.05,scattered clouds
237,Saldanha,ZA,-33.0117,17.9442,59.05,87,8,8.21,light rain
238,Yulara,AU,-25.2406,130.9889,75.04,19,0,5.75,clear sky
239,Atambua,ID,-9.1061,124.8925,80.38,66,5,1.92,clear sky
240,Adrar,MR,20.5022,-10.0711,71.28,34,0,8.41,clear sky
241,Liaocheng,CN,36.4439,115.9647,63.68,54,96,12.1,overcast clouds
242,Bathsheba,BB,13.2167,-59.5167,79.41,69,20,17.27,few clouds
243,Erzin,TR,36.9559,36.2,57.31,69,26,2.3,scattered clouds
244,Ambon,ID,-3.6954,128.1814,89.74,62,20,2.3,few clouds
245,Mar Del Plata,AR,-38.0023,-57.5575,60.87,77,0,0.0,clear sky
246,Qaanaaq,GL,77.484,-69.3632,27.34,71,100,9.1,overcast clouds
247,Chistogorskiy,RU,53.9835,87.3843,33.28,97,100,4.34,overcast clouds
248,Denizli,TR,37.8402,29.0698,58.15,44,100,4.88,overcast clouds
249,Huayucachi,PE,-12.1333,-75.2333,50.81,84,70,3.91,broken clouds
250,Ariquemes,BR,-9.9133,-63.0408,73.87,94,100,1.54,overcast clouds
251,Hukuntsi,BW,-24.0,21.75,67.69,47,5,3.31,clear sky
252,Waipawa,NZ,-41.4122,175.5153,67.71,68,100,15.03,light rain
253,Pitimbu,BR,-7.4706,-34.8086,77.59,76,15,8.08,few clouds
254,Batemans Bay,AU,-35.7167,150.1833,66.09,66,49,5.12,scattered clouds
255,Sovetskiy,RU,61.3614,63.5842,29.97,98,100,7.74,overcast clouds
256,Sao Filipe,CV,14.8961,-24.4956,71.11,78,4,5.17,clear sky
257,Saint-Joseph,RE,-21.3667,55.6167,74.21,86,45,8.63,scattered clouds
258,Calama,CL,-22.4667,-68.9333,55.87,26,0,2.62,clear sky
259,Chhatarpur,IN,24.9,79.6,79.36,12,0,5.23,clear sky
260,Puerto Carreno,CO,6.189,-67.4859,79.99,77,97,8.28,overcast clouds
261,La Esperanza,GT,14.8667,-91.5667,61.52,91,75,0.0,broken clouds
262,Santiago,CL,-33.4569,-70.6483,73.29,38,0,5.75,clear sky
263,Ardmore,US,34.1743,-97.1436,60.58,90,75,14.97,moderate rain
264,Sao Joao Da Barra,BR,-21.6403,-41.0511,77.47,88,0,8.9,clear sky
265,Pogradec,AL,40.9025,20.6525,41.68,95,100,2.91,overcast clouds
266,Mastung,PK,29.7994,66.845,58.95,17,5,2.77,clear sky
267,Honiara,SB,-9.4333,159.95,80.62,88,100,7.45,overcast clouds
268,Tonantins,BR,-2.8731,-67.8022,74.59,94,66,2.1,broken clouds
269,Cairns,AU,-16.9167,145.7667,93.07,67,96,4.61,overcast clouds
270,Dong Hoi,VN,17.4833,106.6,67.12,80,100,8.52,overcast clouds
271,Luderitz,NA,-26.6481,15.1594,58.73,82,0,6.13,clear sky
272,Lerwick,GB,60.1545,-1.1494,33.8,60,100,16.96,overcast clouds
273,Te Anau,NZ,-45.4167,167.7167,63.72,81,100,5.14,overcast clouds
274,Katobu,ID,-4.9408,122.5276,83.46,66,100,2.19,overcast clouds
275,Ulaanbaatar,MN,47.9077,106.8832,24.93,54,75,2.24,broken clouds
276,Orotukan,RU,62.2667,151.7,4.6,93,100,5.14,overcast clouds
277,Faanui,PF,-16.4833,-151.75,82.96,73,8,16.42,clear sky
278,Pacific Grove,US,36.6177,-121.9166,70.38,78,0,10.36,clear sky
279,Kavieng,PG,-2.5744,150.7967,82.47,79,100,8.19,light rain
280,Xining,CN,36.6167,101.7667,42.37,39,0,2.19,clear sky
281,Sibu,MY,2.3,111.8167,77.31,88,40,3.44,scattered clouds
282,Hays,US,30.0502,-98.0336,77.22,74,91,8.66,overcast clouds
283,Inuvik,CA,68.3499,-133.7218,-10.44,61,100,5.75,light snow
284,Dubrajpur,IN,23.8,87.3833,77.16,82,1,9.91,clear sky
285,Kilimatinde,TZ,-5.85,34.95,64.35,83,18,1.59,few clouds
286,Udankudi,IN,8.4333,78.0167,78.98,77,19,0.83,few clouds
287,Richmond,US,37.5538,-77.4603,59.23,45,75,3.44,broken clouds
288,Xinqing,CN,48.2333,129.5,40.68,80,100,10.8,overcast clouds
289,Farah,AF,32.5,62.5,68.36,11,5,4.16,clear sky
290,Khasan,RU,42.4308,130.6434,44.73,77,15,3.76,few clouds
291,Alofi,NU,-19.0595,-169.9187,73.29,88,100,9.22,overcast clouds
292,Narsaq,GL,60.9167,-46.05,46.62,81,100,3.65,overcast clouds
293,Arrifes,PT,37.7667,-25.7,50.25,76,40,3.44,scattered clouds
294,Lamu,KE,-2.2717,40.902,82.62,83,1,7.38,clear sky
295,Ulcinj,ME,41.9294,19.2244,39.42,72,100,7.45,overcast clouds
296,Chaiyaphum,TH,15.75,102.0,74.8,59,16,12.44,few clouds
297,Massakory,TD,12.996,15.7293,85.78,9,36,8.52,scattered clouds
298,Nabire,ID,-3.3667,135.4833,86.31,55,53,3.8,broken clouds
299,Byron Bay,AU,-28.65,153.6167,79.72,67,0,3.02,clear sky
300,Tahta,EG,26.7693,31.5021,77.04,12,0,4.09,clear sky
301,Shabrovskiy,RU,56.636,60.5807,38.01,70,20,20.13,few clouds
302,Pozo Colorado,PY,-23.4923,-58.7972,75.79,88,98,5.06,overcast clouds
303,Codrington,AU,-38.2667,141.9667,61.86,58,100,4.74,overcast clouds
304,Meadow Lake,US,34.8014,-106.5436,68.86,20,15,4.18,few clouds
305,Natal,BR,-5.795,-35.2094,77.65,94,20,3.44,few clouds
306,Athabasca,CA,54.7169,-113.2854,45.01,86,100,11.36,overcast clouds
307,Bilibino,RU,68.0546,166.4372,5.5,67,0,2.91,clear sky
308,Flinders,AU,-34.5833,150.8552,77.05,65,1,4.0,clear sky
309,Juan Lacaze,UY,-34.4342,-57.4381,53.11,36,5,7.27,clear sky
310,Aswan,EG,24.0934,32.907,83.5,13,0,8.05,clear sky
311,Sydney,AU,-33.8679,151.2073,77.58,54,20,6.91,few clouds
312,Agirish,RU,61.9247,63.0231,19.65,95,100,4.36,overcast clouds
313,Boden,SE,65.8252,21.6886,14.0,90,75,9.82,broken clouds
314,Chuy,UY,-33.6971,-53.4616,55.8,62,0,5.82,clear sky
315,Qaqortoq,GL,60.7167,-46.0333,35.53,93,100,3.51,overcast clouds
316,Hambantota,LK,6.1241,81.1185,75.54,100,40,2.3,scattered clouds
317,Saint-Augustin,CA,51.226,-58.6502,31.55,94,100,6.15,overcast clouds
318,Kruisfontein,ZA,-34.0033,24.7314,55.89,74,1,9.06,clear sky
319,Saint-Pierre,RE,-21.3393,55.4781,75.29,86,35,4.61,scattered clouds
320,Anadyr,RU,64.75,177.4833,0.1,70,20,20.13,few clouds
321,Emerald,AU,-23.5333,148.1667,83.34,61,6,6.91,clear sky
322,Vila,PT,42.0304,-8.1588,33.69,76,90,4.7,overcast clouds
323,Dukat,RU,62.55,155.55,8.01,89,98,3.83,overcast clouds
324,Beyneu,KZ,45.3167,55.2,48.31,69,6,11.34,clear sky
325,Mbekenyera,TZ,-10.0,38.9833,69.22,96,7,1.92,clear sky
326,Tshela,CD,-4.9833,12.9333,72.48,100,100,0.31,overcast clouds
327,Jhanjharpur,IN,26.2667,86.2833,77.41,75,0,13.58,clear sky
328,Sawakin,SD,19.1059,37.3321,78.12,59,0,5.61,clear sky
329,Chiang Khong,TH,20.2613,100.4046,75.69,66,6,1.88,clear sky
330,Kingaroy,AU,-26.5333,151.8333,77.04,50,0,6.91,clear sky
331,Skopin,RU,53.8249,39.5505,25.72,91,44,6.67,scattered clouds
332,Khani,GE,41.9563,42.9566,36.97,84,85,7.9,overcast clouds
333,Vostok,RU,46.4856,135.8833,51.01,55,61,7.34,broken clouds
334,Moree,AU,-29.4667,149.85,78.82,61,0,10.36,clear sky
335,Isangel,VU,-19.55,169.2667,87.91,74,75,4.61,broken clouds
336,Port Macquarie,AU,-31.4333,152.9167,79.9,58,0,6.53,clear sky
337,Sitka,US,57.0531,-135.33,44.49,65,0,10.36,clear sky
338,Marystown,CA,47.1666,-55.1483,37.85,100,100,14.0,overcast clouds
339,Talnakh,RU,69.4865,88.3972,-0.09,84,34,9.13,scattered clouds
340,Gull Lake,CA,50.1001,-108.4847,51.58,44,100,6.6,overcast clouds
341,Katherine,AU,-14.4667,132.2667,88.12,58,20,6.91,few clouds
342,Linxia,CN,35.6003,103.2064,48.9,22,0,1.77,clear sky
343,Iizuka,JP,33.6333,130.6833,61.09,15,41,2.1,scattered clouds
344,Cockburn Town,TC,21.4612,-71.1419,78.12,81,0,15.01,clear sky
345,Sagua La Grande,CU,22.8067,-80.0756,72.59,77,22,9.15,heavy intensity rain
346,Khowst,AF,33.3833,69.8833,63.28,18,12,4.54,few clouds
347,Souillac,MU,-20.5167,57.5167,77.38,94,75,6.91,broken clouds
348,Kapuskasing,CA,49.4169,-82.4331,41.09,56,75,5.75,broken clouds
349,Port Lincoln,AU,-34.7333,135.8667,62.6,79,100,15.59,light rain
350,Belaya Gora,RU,68.5333,146.4167,1.89,85,90,9.8,overcast clouds
351,Hay River,CA,60.8156,-115.7999,44.58,53,75,6.91,broken clouds
352,Burgeo,CA,47.6167,-57.6152,37.13,90,100,34.4,overcast clouds
353,Deming,US,32.2687,-107.7586,75.09,12,0,17.27,clear sky
354,Esperance,AU,-33.8667,121.9,60.64,68,42,14.74,scattered clouds
355,Fortuna,US,40.5982,-124.1573,54.66,94,75,9.22,broken clouds
356,Arman,RU,59.7,150.1667,23.02,90,100,15.1,snow
357,Enkhuizen,NL,52.7,5.2833,46.04,91,100,4.0,overcast clouds
358,Balabac,PH,7.9868,117.0645,81.41,82,100,11.05,moderate rain
359,Nerchinskiy Zavod,RU,51.3088,119.61,22.03,41,67,18.01,broken clouds
360,Ambilobe,MG,-13.2,49.05,72.59,96,95,1.86,overcast clouds
361,Lompoc,US,34.6391,-120.4579,77.56,64,0,27.0,clear sky
362,College,US,64.8569,-147.8028,22.23,56,75,5.75,broken clouds
363,Puerto Escondido,MX,15.85,-97.0667,79.77,69,0,8.19,clear sky
364,Langham,CA,52.3668,-106.9679,49.84,82,100,11.07,overcast clouds
365,Iqaluit,CA,63.7506,-68.5145,8.33,78,100,17.27,overcast clouds
366,Leshan,CN,29.5623,103.7639,57.99,79,99,1.74,overcast clouds
367,Onguday,RU,50.75,86.15,35.31,85,62,3.22,broken clouds
368,Portland,US,45.5234,-122.6762,49.95,74,75,14.97,broken clouds
369,Roma,US,43.2128,-75.4557,40.51,77,100,1.01,overcast clouds
370,Bambari,CF,5.768,20.6757,73.0,82,42,3.0,scattered clouds
371,Minas,UY,-34.3759,-55.2377,49.55,48,0,3.44,clear sky
372,Mahon,ES,39.8885,4.2658,50.56,71,40,12.66,scattered clouds
373,Kupiskis,LT,55.8333,24.9667,33.69,96,100,24.16,snow
374,Riyadh,SA,24.6877,46.7219,71.74,12,8,4.81,clear sky
375,Port Shepstone,ZA,-30.7414,30.455,72.1,85,9,18.48,clear sky
376,Doka,SD,13.5167,35.7667,86.85,19,1,7.61,clear sky
377,Savalou,BJ,7.9281,1.9756,77.4,71,100,4.07,overcast clouds
378,Grand Haven,US,43.0631,-86.2284,43.02,73,40,4.61,scattered clouds
379,Marrakesh,MA,31.6315,-8.0083,50.07,87,75,11.5,broken clouds
380,Praia Da Vitoria,PT,38.7333,-27.0667,57.76,82,20,6.8,few clouds
381,Mount Gambier,AU,-37.8333,140.7667,55.31,88,40,5.75,scattered clouds
382,Komsomolskiy,UZ,40.4272,71.7189,56.12,50,0,6.91,clear sky
383,Hollola,FI,61.05,25.4333,32.25,98,100,9.66,snow
384,Russell,US,32.3502,-85.1999,74.8,60,0,0.0,clear sky
385,Enterprise,US,36.0252,-115.2419,82.94,13,75,13.0,broken clouds
386,Vila Velha,BR,-20.3297,-40.2925,78.75,90,40,2.3,scattered clouds
387,Gat,IL,31.61,34.7642,74.39,23,3,6.38,clear sky
388,Urubicha,BO,-15.3833,-62.95,73.69,83,70,0.76,broken clouds
389,Skibbereen,IE,51.55,-9.2667,50.11,88,19,13.8,few clouds
390,Butka,RU,56.7179,63.7866,34.84,100,100,4.25,overcast clouds
391,Bridgeton,US,39.4273,-75.2341,51.91,69,40,4.61,scattered clouds
392,Svetlaya,RU,46.5389,138.3297,42.51,83,100,15.68,overcast clouds
393,Darhan,MN,49.4867,105.9228,27.01,63,93,2.44,overcast clouds
394,Bairiki,KI,1.3292,172.9752,86.0,79,20,6.91,few clouds
395,Namibe,AO,-15.1961,12.1522,68.47,81,29,6.85,scattered clouds
396,Port Hardy,CA,50.6996,-127.4199,42.8,93,75,6.91,light intensity shower rain
397,Phek,IN,25.6667,94.5,58.91,69,0,1.34,clear sky
398,Aklavik,CA,68.2191,-135.0107,-7.6,81,100,6.69,overcast clouds
399,Kovdor,RU,67.5662,30.4758,19.36,94,100,15.66,light snow
400,Atlantic City,US,39.3643,-74.4229,49.98,70,99,8.39,overcast clouds
401,Guerrero Negro,MX,27.9769,-114.0611,62.37,72,0,19.75,clear sky
402,Jurado,CO,7.1053,-77.7641,77.77,90,100,2.73,overcast clouds
403,Serebryanyy Bor,RU,56.8,124.8,13.21,83,100,11.88,overcast clouds
404,San Nicolas,PH,18.1725,120.5953,82.31,65,75,4.61,broken clouds
405,Sorada,IN,19.75,84.4333,77.04,85,93,0.2,overcast clouds
406,Xiaoweizhai,CN,26.1903,107.5125,54.05,86,100,3.44,overcast clouds
407,Edd,ER,13.9297,41.6925,85.71,36,1,9.53,clear sky
408,Vila Franca Do Campo,PT,37.7167,-25.4333,52.21,67,83,4.85,broken clouds
409,Iwanai,JP,42.9744,140.5089,51.89,44,0,4.54,clear sky
410,Grindavik,IS,63.8424,-22.4338,30.67,100,100,16.11,snow
411,Pisco,PE,-13.7,-76.2167,68.05,77,0,16.11,clear sky
412,Dingle,PH,10.9995,122.6711,84.22,70,100,11.56,overcast clouds
413,Shu,KZ,43.5983,73.7614,53.42,58,7,7.54,clear sky
414,Dudinka,RU,69.4058,86.1778,10.27,75,73,14.67,broken clouds
415,Kefamenanu,ID,-9.4467,124.4781,79.79,69,5,0.72,clear sky
416,Havre-Saint-Pierre,CA,50.2334,-63.5986,34.16,51,0,13.8,clear sky
417,Agadez,NE,19.75,10.25,81.14,6,25,3.44,scattered clouds
418,Zhigansk,RU,66.7697,123.3711,0.18,88,78,16.89,broken clouds
419,Jacareacanga,BR,-6.2222,-57.7528,74.05,98,100,1.03,overcast clouds
420,Jacqueville,CI,5.2052,-4.4146,81.36,87,100,11.72,light rain
421,Egvekinot,RU,66.3167,-179.1667,-5.87,82,20,15.88,few clouds
422,Labytnangi,RU,66.6572,66.4183,7.21,93,21,5.55,few clouds
423,Dolzhanskaya,RU,46.6311,37.8039,42.01,65,79,13.42,broken clouds
424,Itoman,JP,26.1247,127.6694,68.02,60,75,11.5,broken clouds
425,Tres Arroyos,AR,-38.3739,-60.2798,53.29,49,2,6.22,clear sky
426,Beauly,GB,57.484,-4.4587,39.22,93,100,3.4,light rain
427,Englewood,US,39.6478,-104.9878,65.17,16,75,5.01,broken clouds
428,Vanimo,PG,-2.6741,141.3028,79.83,81,100,1.88,light rain
429,Samfya,ZM,-11.3649,29.5565,65.57,91,99,3.85,light rain
430,Sassandra,CI,4.95,-6.0833,79.03,92,100,6.67,overcast clouds
431,Matagami,CA,49.7502,-77.6328,26.71,68,0,0.0,clear sky
432,Taltal,CL,-25.4,-70.4833,66.79,67,0,4.52,clear sky
433,Lakatoro,VU,-16.0999,167.4164,82.76,76,100,12.19,overcast clouds
434,Berlevag,NO,70.8578,29.0864,17.4,71,93,12.26,light snow
435,Raga,SS,8.4596,25.678,78.04,53,7,4.88,clear sky
436,Hailey,US,43.5196,-114.3153,42.89,70,100,21.0,overcast clouds
437,Skagen,DK,57.7209,10.5839,38.08,51,100,20.13,overcast clouds
438,Papara,BR,-3.9839,-38.7273,79.68,93,100,1.99,light rain
439,Santa Rosa,PH,14.3122,121.1114,76.98,74,100,14.32,moderate rain
440,Naryan-Mar,RU,67.6713,53.087,-0.02,100,100,6.82,overcast clouds
441,Krasnoselkup,RU,65.7,82.4667,28.81,97,100,15.68,snow
442,Almeirim,BR,-1.5233,-52.5817,73.8,97,100,2.66,light rain
443,Bagdarin,RU,54.4333,113.6,16.27,53,3,5.41,clear sky
444,La Concordia,NI,13.1953,-86.1667,78.03,50,100,6.91,overcast clouds
445,Manokwari,ID,-0.8667,134.0833,83.17,73,100,10.27,overcast clouds
446,Poum,NC,-20.2333,164.0167,80.62,82,100,24.61,light rain
447,Mayskiy,RU,47.6931,40.1025,36.81,68,100,6.04,overcast clouds
448,Kaeo,NZ,-35.1,173.7833,73.33,87,100,8.7,overcast clouds
449,North Bend,US,43.4065,-124.2243,53.51,87,100,17.27,overcast clouds
450,Varkaus,FI,62.3153,27.873,32.31,98,100,11.07,light snow
451,Mutoko,ZW,-17.397,32.2268,61.88,96,41,1.9,scattered clouds
452,Gizo,SB,-8.103,156.8419,83.71,77,100,13.4,light rain
453,Saurimo,AO,-9.6608,20.3916,63.77,99,100,2.39,light rain
454,Cidreira,BR,-30.1811,-50.2056,68.88,88,52,6.76,broken clouds
455,Purpe,RU,64.4803,76.6897,33.94,100,100,10.4,overcast clouds
456,Masloc,RO,45.9981,21.4497,31.17,74,0,7.27,clear sky
457,Morgantown,US,39.6295,-79.9559,47.5,72,40,4.61,scattered clouds
458,Amarillo,US,35.222,-101.8313,64.18,35,0,3.44,clear sky
459,Birjand,IR,32.8663,59.2211,61.27,14,0,13.8,clear sky
460,Erenhot,CN,43.6475,111.9767,35.94,32,81,12.33,broken clouds
461,Xichang,CN,27.8964,102.2634,47.46,89,100,2.21,overcast clouds
462,Kudahuvadhoo,MV,2.6708,72.8944,83.28,61,2,0.49,clear sky
463,Aykhal,RU,66.0,111.5,3.25,94,100,4.83,overcast clouds
464,Sooke,CA,48.3746,-123.7276,45.09,85,100,41.43,light rain
465,Birin,NP,26.8865,88.0718,60.8,71,3,3.56,clear sky
466,Isabela,PH,6.7085,121.9711,80.65,75,100,2.15,overcast clouds
467,Yar-Sale,RU,66.8333,70.8333,27.73,98,97,6.82,overcast clouds
468,Aasiaat,GL,68.7098,-52.8699,17.37,99,81,8.77,broken clouds
469,Toamasina,MG,-18.1667,49.3833,75.2,94,75,3.44,broken clouds
470,Baruun-Urt,MN,46.6806,113.2792,23.68,23,6,14.65,clear sky
471,Rapid City,US,44.0805,-103.231,64.42,21,20,17.27,few clouds
472,Mgandu,TZ,-5.95,34.1333,60.64,88,29,2.98,scattered clouds
473,Bambanglipuro,ID,-7.95,110.2833,80.04,80,11,0.38,few clouds
474,Horsham,GB,51.064,-0.3272,54.1,85,75,11.5,broken clouds
475,Coquimbo,CL,-29.9533,-71.3436,61.36,76,0,3.69,clear sky
476,Topolobampo,MX,25.6,-109.05,68.22,59,0,7.7,clear sky
477,Cortez,US,37.3489,-108.5859,61.56,19,20,12.66,few clouds
478,Bodden Town,KY,19.2833,-81.25,81.0,76,20,5.75,few clouds
479,Didsbury,GB,53.417,-2.2315,52.02,95,100,16.11,moderate rain
480,Vienne,AT,48.2085,16.3721,44.53,71,20,28.99,light rain
481,Lesosibirsk,RU,58.2358,92.4828,26.49,95,100,8.88,overcast clouds
482,Black River,JM,18.0264,-77.8487,78.28,80,46,6.31,scattered clouds
483,Thunder Bay,CA,48.4001,-89.3168,35.29,86,100,5.75,overcast clouds
484,Dalby,AU,-27.1833,151.2667,80.2,48,0,0.69,clear sky
485,Leshukonskoye,RU,64.8989,45.7622,12.72,97,46,2.91,scattered clouds
486,Srednekolymsk,RU,67.45,153.6833,-3.8,86,100,2.15,overcast clouds
487,Paamiut,GL,61.994,-49.6678,30.76,96,100,11.05,overcast clouds
488,Lakes Entrance,AU,-37.8811,147.981,63.16,68,37,8.5,scattered clouds
489,Yellandu,IN,17.6,80.3333,76.17,83,23,5.19,few clouds
490,Ahuimanu,US,21.4447,-157.8378,82.11,63,75,14.97,broken clouds
491,Kenai,US,60.5544,-151.2583,40.03,82,100,6.91,light rain
492,Malindi,KE,-3.2175,40.1191,80.4,80,12,5.39,few clouds
493,Garowe,SO,8.4054,48.4845,69.85,85,44,6.15,scattered clouds
494,Derna,LY,32.767,22.6367,73.98,24,9,29.01,clear sky
495,Ardahan,TR,41.1087,42.7022,22.55,98,100,2.28,overcast clouds
496,San Vicente,AR,-26.6167,-54.1333,64.74,100,34,1.32,scattered clouds
497,Wakkanai,JP,45.4094,141.6739,48.18,40,0,24.16,clear sky
498,Ayan,RU,56.45,138.1667,29.93,58,45,14.2,scattered clouds
499,Kungurtug,RU,50.5994,97.5228,34.56,85,98,1.83,overcast clouds
500,Bethanien,NA,-26.502,17.1583,55.9,49,0,1.92,clear sky
501,Ulaangom,MN,49.9811,92.0667,28.13,90,94,0.81,overcast clouds
502,Olds,CA,51.7834,-114.102,50.85,32,98,23.02,overcast clouds
503,Cloquet,US,46.7216,-92.4594,35.78,83,0,5.75,clear sky
504,Cangas,ES,42.2641,-8.7846,43.95,70,0,0.0,clear sky
505,Presidente Olegario,BR,-18.4178,-46.4181,66.83,67,1,4.12,clear sky
506,Alugan,PH,12.2188,125.4808,81.64,87,93,14.63,moderate rain
507,Tandil,AR,-37.3217,-59.1332,49.68,49,0,5.3,clear sky
508,Guadalupe Y Calvo,MX,26.1,-106.9667,52.29,49,0,9.22,clear sky
509,Olafsvik,IS,64.8945,-23.7142,28.2,70,98,29.97,overcast clouds
510,Vaitape,PF,-16.5167,-151.75,82.99,72,7,16.35,clear sky
511,Afyonkarahisar,TR,38.75,30.6667,48.52,55,100,5.06,overcast clouds
512,Montevideo,UY,-34.8335,-56.1674,55.11,62,0,3.44,clear sky
513,Lichinga,MZ,-13.3128,35.2406,64.49,100,75,9.22,broken clouds
514,Koumac,NC,-20.5667,164.2833,79.74,83,100,8.57,moderate rain
515,Labuhan,ID,-6.8844,112.2051,80.69,80,13,4.88,few clouds
516,Saint-Georges,GD,12.0564,-61.7485,78.48,78,20,18.41,few clouds
517,Bonthe,SL,7.5264,-12.505,76.89,82,70,4.34,broken clouds
518,Tabou,CI,4.423,-7.3528,80.49,86,100,7.4,light rain
519,Berezovyy,RU,51.6667,135.7,27.28,88,100,8.61,snow
520,Rocha,UY,-34.4833,-54.3333,49.59,63,0,2.62,clear sky
521,Ypsonas,CY,34.6884,32.9574,61.29,41,42,7.72,scattered clouds
522,Port Hedland,AU,-20.3167,118.5667,87.85,55,0,5.75,clear sky
523,Navahrudak,BY,53.6,25.8333,31.42,80,100,22.68,overcast clouds
524,Alta Floresta,BR,-9.8756,-56.0861,75.02,100,0,1.14,clear sky
525,Ara,IN,25.5667,84.6667,69.69,8,0,5.21,clear sky
526,Mantua,IT,45.1667,10.7833,41.95,87,4,3.65,clear sky
527,Zyryanka,RU,65.75,150.85,4.3,87,100,7.16,overcast clouds
528,Assiniboia,CA,49.6334,-105.9845,53.42,30,100,13.8,overcast clouds
529,Tena,EC,-0.9833,-77.8167,69.71,98,46,2.57,moderate rain
530,Vestmannaeyjar,IS,63.4427,-20.2734,36.16,74,100,23.49,overcast clouds
531,Tazovskiy,RU,67.4667,78.7,25.72,96,100,19.33,light snow
532,Mokhsogollokh,RU,61.4681,128.9203,19.56,79,100,10.2,overcast clouds
533,Trairi,BR,-3.2778,-39.2689,75.97,91,100,6.49,light rain
534,San Bartolo,MX,19.1833,-100.05,57.54,27,3,2.37,clear sky
535,Pangnirtung,CA,66.1451,-65.7125,5.2,97,100,3.44,overcast clouds
536,Broken Hill,AU,-31.95,141.4333,73.11,33,0,5.75,clear sky
537,Ardabil,IR,38.2498,48.2933,38.62,58,100,3.49,overcast clouds
538,Calatayud,ES,41.3535,-1.6432,34.84,78,36,3.2,scattered clouds
539,Mandiana,GN,10.6333,-8.6833,83.62,50,94,4.27,overcast clouds
540,Alekseyevka,RU,50.6309,38.6903,32.52,74,98,7.2,overcast clouds
541,Nanakuli,US,21.3906,-158.1547,82.35,50,75,11.5,broken clouds
542,Toora-Khem,RU,52.4675,96.11,36.75,97,99,1.61,overcast clouds
543,Zemio,CF,5.0314,25.1361,72.34,85,100,3.69,overcast clouds
544,Jiaojiang,CN,28.6803,121.4428,61.0,63,45,3.76,scattered clouds
545,Borujerd,IR,33.8973,48.7516,55.72,31,100,3.69,overcast clouds
546,Avera,US,33.194,-82.5271,64.45,53,100,4.7,overcast clouds
547,Knysna,ZA,-34.0363,23.0471,60.85,85,5,5.19,clear sky
548,San Mateo Ixtatan,GT,15.8319,-91.4781,55.54,79,65,2.3,broken clouds
549,Qovlar,AZ,40.948,45.735,46.78,57,86,5.19,overcast clouds
550,Yaan,NG,7.3833,8.5667,80.13,70,99,8.93,overcast clouds
551,Dondo,MZ,-19.6094,34.7431,76.51,97,24,4.18,few clouds
552,Mahibadhoo,MV,3.7833,72.9667,83.1,64,25,1.43,scattered clouds
553,Miri,MY,4.4148,114.0089,77.14,94,40,3.44,scattered clouds
554,Disna,BY,55.568,28.1971,34.97,76,100,21.16,overcast clouds
555,Liverpool,GB,53.4106,-2.9779,52.14,92,100,26.46,overcast clouds
556,Prince Rupert,CA,54.3161,-130.3201,41.09,87,100,9.22,light rain
557,Brigantine,US,39.4101,-74.3646,50.0,71,99,8.39,overcast clouds
558,Beisfjord,NO,68.3751,17.5988,8.65,79,11,7.02,few clouds
559,Tobol,KZ,52.6844,62.5794,39.88,88,100,12.03,overcast clouds
560,Kutum,SD,14.2,24.6667,75.34,15,6,7.05,clear sky
561,Ystad,SE,55.4297,13.8204,37.36,88,100,25.39,light rain
562,Rawson,AR,-43.3002,-65.1023,62.17,45,87,8.93,overcast clouds
563,Barcelona,ES,41.3888,2.159,50.86,61,0,9.22,clear sky
564,Teeswater,CA,43.9959,-81.2865,37.72,88,100,8.99,overcast clouds
565,Shihezi,CN,44.3,86.0333,57.15,27,100,3.47,overcast clouds
566,Ucluelet,CA,48.9329,-125.5528,44.91,86,100,8.99,overcast clouds
567,Mangochi,MW,-14.4782,35.2645,70.18,94,37,2.1,light rain
568,Lazaro Cardenas,MX,17.9583,-102.2,74.64,72,13,7.67,few clouds
569,Karema,TZ,-6.8205,30.4389,69.33,90,100,3.98,moderate rain
570,Eral,IN,8.6333,78.0167,78.98,89,75,0.0,light intensity drizzle
571,Chabahar,IR,25.2919,60.643,75.72,80,16,2.93,few clouds
572,Nagato,JP,34.3833,131.2,51.21,42,45,2.28,scattered clouds
573,Nhlangano,SZ,-27.1167,31.2,55.36,86,0,5.23,clear sky
574,Matay,EG,28.419,30.7792,73.0,18,0,6.51,clear sky
575,Tual,ID,-5.6667,132.75,82.29,66,11,3.27,few clouds
576,Goure,NE,13.9835,10.2704,78.31,11,100,4.16,overcast clouds
577,Yeppoon,AU,-23.1333,150.7333,83.98,64,29,10.56,scattered clouds
578,Jalu,LY,29.0331,21.5482,79.5,11,0,6.29,clear sky
579,Shelburne,CA,44.0787,-80.2041,39.9,73,100,6.85,overcast clouds
580,Sabha,LY,27.0377,14.4283,80.6,6,0,8.81,clear sky
581,Markdorf,DE,47.7167,9.4,41.79,66,100,5.75,overcast clouds
582,Dar Es Salaam,TZ,-6.8235,39.2695,79.18,89,20,4.61,few clouds
583,Ustye,RU,59.6304,39.736,21.33,96,28,4.54,scattered clouds
584,Havelock,US,34.8791,-76.9013,58.95,61,0,5.75,clear sky
585,Brae,GB,60.3964,-1.353,36.16,59,100,17.72,overcast clouds
586,Balkhash,KZ,46.844,74.9804,42.94,67,0,8.25,clear sky
587,Yeghegnavan,AM,39.838,44.6253,46.8,48,100,3.6,overcast clouds
588,Binzhou,CN,37.3667,118.0167,64.87,48,30,9.24,scattered clouds
589,Gornopravdinsk,RU,60.05,69.9,34.39,99,100,6.17,overcast clouds
590,Bargur,IN,12.5424,78.3539,70.45,94,72,1.95,broken clouds
591,Cremona,IT,45.2333,9.9333,44.26,73,0,1.68,clear sky
592,Portoferraio,IT,42.8115,10.3146,45.16,69,15,5.88,few clouds
593,Dunmore Town,BS,25.5,-76.65,76.37,78,0,13.33,clear sky
594,Aldama,MX,22.9167,-98.0667,79.5,87,34,5.66,scattered clouds
595,Asosa,ET,10.0667,34.5333,71.22,50,19,3.56,few clouds
596,Miles City,US,46.4083,-105.8406,59.97,31,40,20.71,scattered clouds
597,Youkounkoun,GN,12.5333,-13.1333,82.22,21,5,3.6,clear sky
598,Piranhas,BR,-16.4269,-51.8222,75.72,61,46,4.16,scattered clouds
599,Isla Mujeres,MX,21.2311,-86.731,82.45,76,0,14.07,clear sky
600,Konevo,RU,62.1215,39.3192,15.42,94,55,5.14,broken clouds
601,Luena,AO,-11.7833,19.9167,62.87,93,72,3.15,broken clouds
602,Taoudenni,ML,22.6783,-3.9836,81.34,19,0,8.01,clear sky
603,Kyzyl-Suu,KG,42.3414,78.0056,44.55,44,79,10.04,broken clouds
604,Luau,AO,-10.7073,22.2247,64.53,95,99,1.7,overcast clouds
605,Banda Aceh,ID,5.5577,95.3222,79.61,78,100,4.12,overcast clouds
606,Jiutai,CN,44.1525,125.8328,43.14,55,96,23.94,overcast clouds
607,Sumenep,ID,-7.0167,113.8667,82.85,75,13,6.42,few clouds
608,Kon Tum,VN,14.35,108.0,70.48,81,95,5.75,overcast clouds
609,Cap Malheureux,MU,-19.9842,57.6142,77.47,87,35,1.99,scattered clouds
610,Scharnstein,AT,47.9044,13.9601,38.7,83,100,9.93,overcast clouds
611,Udachnyy,RU,66.4167,112.4,3.45,77,100,4.25,overcast clouds
612,Sabang,ID,5.8933,95.3214,80.85,72,100,4.99,light rain
613,Magdagachi,RU,53.45,125.8,25.16,44,58,12.37,broken clouds
614,Robertsport,LR,6.7533,-11.3686,78.28,80,100,1.01,overcast clouds
615,Kantunilkin,MX,21.0917,-87.45,78.08,67,0,5.75,clear sky
616,Ziro,IN,27.6333,93.8333,45.34,97,99,1.07,overcast clouds
617,Tamiahua,MX,21.2667,-97.45,74.19,95,8,12.28,clear sky
618,Grootfontein,NA,-19.5667,18.1167,62.17,94,8,4.61,clear sky
619,Puerto Leguizamo,CO,-0.1934,-74.7819,72.66,97,37,1.95,scattered clouds
620,Uong Bi,VN,21.0333,106.7833,69.78,53,13,1.95,few clouds
621,La Ronge,CA,55.1001,-105.2842,43.05,49,0,17.27,clear sky
622,Kalanwali,IN,29.85,74.95,72.82,11,71,3.42,broken clouds
623,Hanmer Springs,NZ,-42.5167,172.8167,72.64,47,98,8.16,overcast clouds
624,Henties Bay,NA,-22.116,14.2845,60.57,85,0,7.0,clear sky
625,Verkhnevilyuysk,RU,63.4453,120.3167,8.33,87,98,7.45,overcast clouds
626,Beni Mazar,EG,28.4962,30.8029,73.09,18,0,6.82,clear sky
627,Tarko-Sale,RU,64.9225,77.785,33.89,100,100,10.94,overcast clouds
628,Tiarei,PF,-17.5333,-149.3333,87.82,76,12,16.28,few clouds
629,Kaputa,ZM,-8.4689,29.6619,68.74,88,100,1.95,light rain
630,Lavrentiya,RU,65.5833,-171.0,1.2,79,13,11.95,few clouds
631,Calderitas,MX,18.55,-88.25,79.77,75,0,11.21,clear sky
632,Mitsamiouli,KM,-11.3847,43.2844,81.41,76,4,5.88,clear sky
633,Smithers,CA,54.7804,-127.1743,39.52,56,75,4.61,broken clouds
634,Kovur,IN,14.4833,79.9833,75.52,92,88,7.25,overcast clouds
635,Auki,SB,-8.7676,160.7034,82.18,83,100,9.4,heavy intensity rain
636,San Carlos De Bariloche,AR,-41.1456,-71.3082,49.75,66,75,21.85,broken clouds
637,Odweyne,SO,9.4092,45.064,71.82,32,12,13.29,few clouds
638,Vila Do Maio,CV,15.1333,-23.2167,70.59,80,36,11.34,scattered clouds
639,Ugoofaaru,MV,5.6667,73.0,83.1,68,14,3.94,few clouds
640,Eston,CA,51.1501,-108.7514,50.92,49,100,15.86,overcast clouds
641,Navirai,BR,-23.065,-54.1906,71.11,95,9,3.62,clear sky
642,Karanganyar,ID,-6.7072,111.0834,80.33,82,29,4.18,scattered clouds
643,Catumbela,AO,-12.4314,13.5472,75.72,84,97,6.67,overcast clouds
644,Kantang,TH,7.4054,99.5156,73.49,100,40,3.44,scattered clouds
645,Ushtobe,KZ,45.2514,77.9838,54.99,38,60,4.38,broken clouds
646,Sioux Lookout,CA,50.1001,-91.917,39.27,60,75,2.3,broken clouds
647,Maniitsoq,GL,65.4167,-52.9,24.75,84,54,2.44,broken clouds
648,Omsukchan,RU,62.5333,155.8,8.33,89,99,3.85,overcast clouds
649,Mangit,UZ,40.5971,70.9607,62.37,42,0,5.08,clear sky
650,Kolomna,RU,55.0794,38.7783,25.3,91,59,7.09,broken clouds
651,Lesnoy,RU,57.6198,63.0784,35.76,99,100,5.86,overcast clouds
652,Chichawatni,PK,30.5333,72.7,72.7,13,68,4.36,broken clouds
653,Deblin,PL,51.5591,21.8483,39.22,50,100,20.87,light rain
654,Simbakoro,SL,8.6,-11.0167,72.82,81,94,1.97,overcast clouds
655,Zaysan,KZ,47.4667,84.8667,45.36,56,0,1.07,clear sky
656,Yekaterinoslavka,RU,50.3734,129.1139,24.55,89,100,21.0,snow
657,Loukhi,RU,66.0764,33.0381,27.61,93,100,11.83,overcast clouds
658,Nargana,PA,9.4428,-78.5906,79.52,86,100,1.97,overcast clouds
659,Tymovskoye,RU,50.8456,142.655,45.45,69,93,2.35,overcast clouds
660,Porto Novo,BJ,6.4965,2.6036,84.02,79,99,7.2,overcast clouds
661,Preston,GB,53.7667,-2.7167,51.33,92,100,5.01,overcast clouds
662,Arenapolis,BR,-14.4503,-56.8461,73.35,79,2,1.01,clear sky
663,Derzhavinsk,KZ,51.1,66.3167,38.52,86,100,11.7,overcast clouds
664,Ratnagiri,IN,16.9833,73.3,79.63,82,100,2.24,overcast clouds
